Date,Close,High,Low,Open,Volume,MA_7,MA_30,Volatility
2022-01-03,178.64566040039062,179.4995892112378,174.42515503160624,174.5429321185891,104487900.0,,,0.029072699295459647
2022-01-04,176.37835693359375,179.55847298837972,175.80907606705392,179.25420553725706,99310400.0,,,0.020916646893098998
2022-01-05,171.6866912841797,176.83964771384632,171.4118681394032,176.2900014242933,94537600.0,,,0.03078892467292905
2022-01-06,168.8206787109375,172.05968310015797,168.46733250526367,169.50773661732023,96904000.0,,,0.021192841498464288
2022-01-07,168.98753356933594,170.9211204367095,167.86860642072668,169.69422597653536,86709100.0,,,0.017988319864253352
2022-01-10,169.0072021484375,169.3114696396271,165.0615045755219,165.95468751702438,106765600.0,,,0.02560918963900442
2022-01-11,171.84375,171.9418925722171,167.66249900972133,169.13477238363146,76138300.0,172.19569614955358,,0.02530167807710921
2022-01-12,172.28541564941406,173.90491024436494,171.58854802680634,172.8645062038037,74805200.0,171.28708975655692,,0.013399871774878194
2022-01-13,169.0072021484375,173.35530980310014,168.61458685598154,172.5308401540557,84505800.0,170.23406764439173,,0.027477539336651504
2022-01-14,169.8709259033203,170.56779364905069,167.92751407393143,168.17289299389805,80440800.0,169.97467258998327,,0.015699792803201947
2022-01-18,166.66136169433594,169.3507050116675,166.2785711868531,168.33974508224512,90956700.0,169.66619873046875,,0.01824960482928999
2022-01-19,163.15731811523438,167.9176743026287,162.87268520870165,166.85763576058818,94815000.0,168.83331080845423,,0.03023529052734358
2022-01-20,161.46913146972656,166.54356549753263,161.14522951347425,163.8934762825247,91420500.0,167.7564435686384,,0.032938077259112845
2022-01-21,159.40792846679688,163.25546724898456,159.29996116779537,161.38076913756592,122848900.0,165.97989763532365,,0.024510393043283802
2022-01-24,158.6325225830078,159.29996087836932,151.84043745137762,157.06210684561927,162294600.0,164.02948434012276,,0.047494100116228975
2022-01-25,156.82659912109375,159.75151211969052,154.11762080461585,156.04138345672908,115798400.0,162.28939819335938,,0.036105110005237584
2022-01-26,156.73822021484375,161.35134029387297,154.90279093312674,160.47779205545413,108275300.0,160.41329738071985,,0.04018343770905004
2022-01-27,156.27691650390625,160.81151382611307,155.35428943492713,159.44720772831658,121954600.0,158.9298052106585,,0.03422590128065808
2022-01-28,167.18154907226562,167.2011835771804,159.79073801782928,162.64695192499494,179935700.0,159.50469534737724,,0.045561539713135535
2022-01-31,171.5492706298828,171.76520522888097,166.37667997036093,167.0146740043963,115541600.0,160.94471522739954,,0.032263783351025824
2022-02-01,171.3824462890625,171.6081906924981,169.12495732448602,170.79353091508946,86213900.0,162.65536063058036,,0.014539387731533234
2022-02-02,172.58969116210938,172.62896017118422,170.12609251689005,171.51984280427115,84914300.0,164.6492418561663,,0.014592292141675388
2022-02-03,169.7040557861328,172.98232955327137,168.9384747506924,171.2548523641826,89418100.0,166.48887852260046,,0.02361308159595679
2022-02-04,169.4190673828125,171.0996042103979,167.7385305552271,168.72129677126426,82465400.0,168.30042811802454,,0.019920861915419082
2022-02-07,168.70164489746094,170.9521728360201,168.00387431629863,169.88096130618518,77251200.0,170.0753893171038,,0.017355084978637518
2022-02-08,171.81700134277344,172.32804392038554,168.4755875609354,168.7704203940124,74829200.0,170.7375967843192,,0.02282660877691824
2022-02-09,173.2420196533203,173.60563833840823,171.8857975368838,173.01598763252147,71285000.0,170.9794180733817,,0.009940357680570427
2022-02-10,169.15371704101562,172.4558121410886,168.59354809326686,171.13890900487118,90865900.0,170.66102818080358,,0.022568006716180432
2022-02-11,165.7336883544922,170.09717260247885,165.14402264688573,169.3600979658817,98670700.0,169.68159920828683,,0.029246262933733967
2022-02-14,165.96954345703125,166.65747672658372,163.68951891129095,164.48555705147456,86185500.0,169.1480974469866,167.7382369995117,0.018043880985635575
2022-02-15,169.81214904785156,169.96939522398472,167.31592973397568,168.02352253075418,62527400.0,169.2042519705636,167.44378662109375,0.015792226290954964
2022-02-16,169.57627868652344,170.3526572392932,167.1193636519341,168.88834547600229,61177400.0,169.3291996547154,167.21705067952473,0.01914456310319249
2022-02-17,165.96954345703125,168.94732353481027,165.56660575778602,168.0824845697611,69589300.0,168.4938485281808,167.02647908528647,0.020113444810610878
2022-02-18,164.41677856445312,167.60093126737578,163.32590754694263,166.89335344125396,82772700.0,167.23309980119978,166.879682413737,0.025615302420883713
2022-02-22,161.48814392089844,163.81729494035432,159.35552814005308,162.1367581949425,91162800.0,166.13801792689733,166.62970275878905,0.02751853959567084
2022-02-23,157.3113555908203,163.28655947595425,156.99686328327715,162.6870716360414,90009200.0,164.93482753208704,166.23984120686848,0.03866131542860527
2022-02-24,159.93536376953125,160.0434686425656,149.38045024208816,149.95045639119465,141147500.0,164.0728018624442,165.8428949991862,0.07111027640129014
2022-02-25,162.00900268554688,162.27433874391238,158.097582687372,161.0163992959612,91974200.0,162.95806666782923,165.50034790039064,0.025939941986052945
2022-02-28,162.2743377685547,162.569170605232,159.63069449285575,160.249841950296,95056600.0,161.91493225097656,165.27591908772786,0.018336842499274666
2022-03-01,160.38742065429688,163.72883431123614,159.17862257926774,161.86156976875884,83474400.0,161.11748613630022,164.95980224609374,0.028111748443246883
2022-03-02,163.6894989013672,164.47571468295504,160.14171312084568,161.55689852854007,79724800.0,161.01358904157365,164.8607401529948,0.02682647167396405
2022-03-03,163.36520385742188,165.9990247912093,162.69693011047048,165.56660530985462,76678400.0,161.28174046107702,164.86766967773437,0.0199442071941925
2022-03-04,160.35792541503906,162.69691327903544,159.30637359945834,161.65518372489828,83737200.0,161.7169647216797,164.83062947591145,0.02097390013392369
2022-03-07,156.5546417236328,162.17606497919274,156.29911294194886,160.54466966467405,96418800.0,161.2340044294085,164.735519917806,0.0366063354798321
2022-03-08,154.72666931152344,160.07291833180403,153.11493379768748,156.08289108388198,131148300.0,160.19367109026228,164.6053248087565,0.04457877789037872
2022-03-09,160.1417694091797,160.59384851613538,156.66278322228217,158.69710171402272,91454900.0,159.88901846749442,164.71583048502603,0.024770870112909276
2022-03-10,155.78805541992188,157.62582286314418,153.291821624197,157.43909494191072,105342000.0,159.23196629115515,164.6841583251953,0.027528113271651205
2022-03-11,152.06341552734375,156.53500490118736,151.83738349184966,156.19103072019064,96970100.0,157.57109723772322,164.54370829264323,0.030076127852394302
2022-03-14,148.0242156982422,151.4638968278343,147.51318815597864,148.83991330847238,108732100.0,155.37952750069755,163.9051305135091,0.0265433416617744
2022-03-15,152.4171600341797,152.88889846379408,147.78834103669757,148.29936850838678,92964300.0,154.24513244628906,163.26739349365235,0.03439365574107655
2022-03-16,156.83961486816406,157.24255250796213,151.79803572553402,154.34339594526026,102300200.0,154.2858428955078,162.78263244628906,0.035275346567851036
2022-03-17,157.85189819335938,158.22535413843605,154.91343692811435,155.8765435805617,75615400.0,154.7323041643415,162.29137268066407,0.021247053175835893
2022-03-18,161.15399169921875,161.64537478221072,157.00671727910074,157.7437919035887,123511700.0,154.8769073486328,162.0063705444336,0.029406276133802336
2022-03-21,162.5298614501953,163.48314576119236,160.20069560988745,160.6920786569655,95811400.0,155.84002249581474,161.7767303466797,0.020426956815413816
2022-03-22,165.9105682373047,166.5002188572966,162.067949464373,162.6576000843649,81532000.0,157.8181871686663,161.6836944580078,0.02724907653023744
2022-03-23,167.27662658691406,169.66474104201137,164.76073274272346,165.09488461775757,98062700.0,160.5685315813337,161.5323486328125,0.029704180784535555
2022-03-24,171.0701141357422,171.13889996970468,167.27663612578863,168.11197837145693,90131400.0,163.23323931012834,161.45995178222657,0.02297435246037062
2022-03-25,171.70887756347656,172.25922412685,169.7728273342969,170.88335771841636,80546200.0,165.35741969517298,161.5451237996419,0.014550257121294532
2022-03-28,172.57369995117188,172.70144932243193,169.0357366736293,169.202805078983,90371900.0,167.46053423200334,161.77312418619792,0.021664609207226224
2022-03-29,175.87583923339844,175.92496554492044,173.3009816876461,173.6449558432296,100589400.0,169.56365530831474,162.10333404541015,0.015111201154862962
2022-03-30,174.70632934570312,176.51461532464543,173.6547624474948,175.4728856845117,92633200.0,171.3031507219587,162.26647338867187,0.016297975986400908
2022-03-31,171.60081481933594,174.9618735812638,171.39442730950734,174.77514559518622,103049300.0,172.1160430908203,162.3339579264323,0.020411633814451956
2022-04-01,171.30596923828125,171.86615315495757,168.9768182066353,171.03079590947166,78751300.0,172.69166346958704,162.5118387858073,0.01689365317490323
2022-04-04,175.36477661132812,175.41391791306214,171.4337124057241,171.56147679106857,76468400.0,173.30518668038505,162.87677205403645,0.023199879027534984
2022-04-05,172.04299926757812,175.22716624153688,171.4140296796648,174.44095050769076,73401800.0,173.35291835239954,163.22860056559244,0.021859182438380323
2022-04-06,168.8686981201172,170.6376800716011,167.19799877542366,169.3895629453013,89058800.0,172.8236323765346,163.613845316569,0.020306335504792408
2022-04-07,169.17335510253906,170.37233093887772,166.9228273416991,168.21024852764788,77594700.0,171.8661346435547,163.9217783610026,0.02050709530110255
2022-04-08,167.15866088867188,168.81953778376487,166.28399977180155,168.81953778376487,76575500.0,170.78789629255022,164.09343363444012,0.01501922138426305
2022-04-11,162.89346313476562,166.1169343880837,162.6477716368248,165.80245706854532,72246700.0,169.54398890904017,164.11407114664715,0.02092347008961807
2022-04-12,164.7705841064453,166.9424890030797,163.76815838717138,165.12438053702303,79265200.0,168.61036246163505,164.2601765950521,0.019223875999320267
2022-04-13,167.4633331298828,168.09230281785548,163.89590247589382,164.5052126435429,70618900.0,167.48158482142858,164.38597106933594,0.025509224142669613
2022-04-14,162.44140625,168.3183584761883,162.19571471867903,167.67955149726123,75329400.0,166.10992867606026,164.3551778157552,0.03651395595251985
2022-04-18,162.22520446777344,163.72883537462482,160.75105534373716,161.09501447518673,69023900.0,165.16085815429688,164.41742045084635,0.0184846194066814
2022-04-19,164.5150146484375,164.92778954530513,161.0851710674028,162.17604187582518,67723800.0,164.49538094656808,164.68276621500652,0.02369411926358733
2022-04-20,164.34796142578125,165.9695343967265,163.23744599263426,165.851592274227,67929800.0,164.09385245186942,165.00347595214845,0.01647309119332938
2022-04-21,163.55191040039062,168.5738450907259,163.0507051558019,165.99900305629262,87227800.0,164.1879163469587,165.11714731852214,0.03327212714073374
2022-04-22,159.00172424316406,164.97694406303006,158.7167286660117,163.5912552281569,84882400.0,163.3637935093471,165.2242696126302,0.03826742076333713
2022-04-25,160.07293701171875,160.35793256447772,155.72911292478716,158.34325918812343,96046400.0,162.30802263532365,165.4912536621094,0.029232817762019057
2022-04-26,154.0977325439453,159.54225031873102,154.0191094538627,159.453804965821,95623200.0,161.11606924874442,165.6937042236328,0.03463787437403703
2022-04-27,153.8717041015625,157.03619732481974,152.7022099776654,153.2230748402012,88063200.0,159.92271205357142,165.7421890258789,0.028285474310408655
2022-04-28,160.81983947753906,161.68467841985887,156.19100467866673,156.50549701980856,130216800.0,159.39482988630022,165.87486317952474,0.035102113636921124
2022-04-29,154.93304443359375,163.335696219265,154.53994405594406,159.05083612128337,131747600.0,158.04984174455916,165.7775680541992,0.0553015147723825
2022-05-02,155.2377166748047,155.50305268536604,150.6285419517243,154.00925923244077,123055300.0,156.86209978376115,165.58035888671876,0.031650764102987006
2022-05-03,156.73153686523438,157.94034999172632,153.62600731797474,155.42445612408045,88966500.0,156.53778730119978,165.3870814005534,0.02775845437289033
2022-05-04,163.15882873535156,163.61089273431188,156.5153204398764,156.91825813151257,108256500.0,156.97862897600447,165.29535675048828,0.04521827083046448
2022-05-05,154.06822204589844,161.25223873479916,152.2795808204663,161.02620676532553,130525300.0,156.9744131905692,164.8550765991211,0.055721724398621254
2022-05-06,154.7965545654297,156.92245186539364,151.74549742097102,153.54660360417492,116124600.0,157.10653468540735,164.312624613444,0.033715851232816584
2022-05-09,149.65896606445312,153.36944186699063,149.0979741892278,152.48364388073944,131577900.0,155.51212419782365,163.57762756347657,0.02801262856168112
2022-05-10,152.0702667236328,154.26506562042874,150.5152132745714,153.06432833720223,115366700.0,155.10315595354353,162.89417978922526,0.024498538533396057
2022-05-11,144.18675231933594,152.99542804107662,143.50764507620434,151.0762217134339,142689800.0,153.52444675990515,161.83787689208984,0.06280129895536442
2022-05-12,140.3090057373047,143.8915303163757,136.60838073824038,140.51569649014897,182602000.0,151.1783708844866,160.69129943847656,0.05183157298477268
2022-05-13,144.78713989257812,145.7615132406745,140.85029972421802,142.3069263815123,113990900.0,148.55384390694755,159.7975102742513,0.03451141586242931
2022-05-16,143.24188232421875,145.19062846815098,141.90335644559067,143.25173403327395,86643800.0,147.0072239467076,158.8620407104492,0.02294751993575692
2022-05-17,146.8834991455078,147.40512922042456,144.36390904477065,146.5094945567554,78336300.0,145.87678745814733,157.91266479492188,0.02075783678631002
2022-05-18,138.59645080566406,145.03317719827086,137.69096444615863,144.5312355358542,109742900.0,144.29642813546317,156.79777984619142,0.05080017980120866
2022-05-19,135.1812744140625,139.42321789277696,134.4431167780582,137.67132497142188,136095600.0,141.8837149483817,155.67486572265625,0.03617384459510754
2022-05-20,135.41748046875,138.47837485147704,130.51611778165204,136.89379579769508,137426100.0,140.63096182686942,154.54966990152994,0.058163754050562046
2022-05-23,140.85025024414062,140.99787569145258,135.47645869426304,135.61424745103693,117726300.0,140.70828247070312,153.67272288004557,0.04071413661151659
2022-05-24,138.14373779296875,139.728316741357,135.16158222827767,138.58662935862338,104132700.0,139.75922502790178,152.847732035319,0.03295220133582941
2022-05-25,138.30120849609375,139.55114451962976,136.15562265268915,136.2441979580696,92482700.0,139.05341448102678,151.96541951497395,0.024922322695793732
2022-05-26,141.50970458984375,142.06085975579472,134.97455116041425,135.2206036464889,90601500.0,138.28572954450334,151.1002985636393,0.05240553883272413
2022-05-27,147.27719116210938,147.31655295622195,142.96634634088457,143.09429845299417,90978500.0,139.52583530970983,150.5948247273763,0.030400977973042077
2022-05-31,146.4898223876953,148.28109191355486,144.5214022588055,146.71620151537235,103718400.0,141.14134216308594,150.0703119913737,0.02562559291964385
2022-06-01,146.36184692382812,149.34400143591907,145.34809700677113,147.53304397850013,74286600.0,142.70482308523995,149.4652064005534,0.027084809757807624
2022-06-02,148.82240295410156,148.8814531521364,144.5410833823405,145.49576829817823,72348100.0,143.8437020438058,148.94768778483072,0.029831587685084895
2022-06-03,143.08448791503906,145.63358880417184,142.1790163063923,144.58047665044347,88570300.0,144.54952348981584,148.26544036865235,0.023893768908590338
2022-06-06,143.83242797851562,146.22406574159243,142.61200234875395,144.70837415100206,71598400.0,145.3396977015904,147.75979715983073,0.024960983868627527
2022-06-07,146.36184692382812,146.64726115984234,141.824639115417,142.07069156702747,67808200.0,146.0328608921596,147.3027608235677,0.03394522819050319
2022-06-08,145.6237030029297,147.50353249308398,145.13159805431155,146.23390833350376,53950200.0,145.79664829799108,147.02029317220052,0.016220139814378413
2022-06-09,140.38772583007812,145.61387897508678,140.27946212008615,144.75762100742102,69473000.0,144.92492021833147,146.5708272298177,0.036850680591988705
2022-06-10,134.9647216796875,138.53739375627023,134.89581977133565,138.0649771627602,91437900.0,143.29675946916853,145.70898996988933,0.026375798263752664
2022-06-13,129.79763793945312,133.0652077917095,129.36458307542827,130.77199636565416,122207100.0,140.57893589564733,144.8711430867513,0.02829829641763544
2022-06-14,130.66372680664062,131.77588901971137,129.40393908646058,131.0278947539339,84784300.0,138.8045414515904,144.05201009114583,0.018102633318693197
2022-06-15,133.2915496826172,135.1713943388265,130.07319387777778,132.1695509120254,91533000.0,137.2987016950335,143.2706771850586,0.03857318441251405
2022-06-16,128.00634765625,130.29955871287268,127.00244927117836,129.99445602178534,108123900.0,134.6764875139509,142.09892781575522,0.02536346197057639
2022-06-17,129.48268127441406,130.97868486516475,127.76031356055556,128.0162178037558,134520300.0,132.3706272670201,141.27940979003907,0.025140340496099003
2022-06-21,133.72462463378906,134.8958370832566,131.21490083390682,131.31331283551427,81000500.0,131.41875566755022,140.57701212565104,0.028031706533522507
2022-06-22,133.21282958984375,135.5847642777482,131.7955647861074,132.66165937450523,73409200.0,131.1684853690011,140.0288075764974,0.028562883273937134
2022-06-23,136.08673095703125,136.40167037101077,133.48841696582116,134.65962935518908,72433800.0,132.06692722865515,139.49602305094402,0.021634200384625858
2022-06-24,139.4232177734375,139.66927031856164,137.5630611330131,137.6909982443359,89116800.0,133.3182830810547,139.33723856608074,0.01529663676205639
2022-06-27,139.4232177734375,141.224324205889,138.74411034603793,140.44678975329754,70207900.0,134.1942356654576,139.30771230061848,0.017659455685727625
2022-06-28,135.2698211669922,141.15539260379745,135.15172077587945,139.8857683457784,67083400.0,135.23187473842077,138.99046834309897,0.04291838904639496
2022-06-29,137.03155517578125,138.4488199898158,134.51197995876558,135.28951427489562,66242400.0,136.31028529575892,138.78345743815103,0.02909937294217003
2022-06-30,134.5612335205078,136.18517450960888,131.65781613685516,135.0828637784788,98964500.0,136.42980085100447,138.37271525065105,0.03351541599072181
2022-07-01,136.73631286621094,136.84457658654097,133.51795639594204,133.89194605156405,71051600.0,136.9331556047712,138.31071065266926,0.02484555859183489
2022-07-05,139.32476806640625,139.3739815709903,134.76787086684834,135.59461869744254,73353800.0,137.39573233468192,138.4488271077474,0.033969716116977765
2022-07-06,140.66331481933594,141.84436401241877,138.85237172208522,139.11811267133183,74064300.0,137.57288905552454,138.62368825276693,0.021506849344643992
2022-07-07,144.03916931152344,144.23600834868253,141.01763677774284,141.02747347335122,66253700.0,138.23231070382255,138.72998555501303,0.022820883702123783
2022-07-08,144.71824645996094,145.2202032222622,142.71046446431882,142.9663536838273,64547800.0,139.58208574567522,138.94913584391276,0.01755475112342667
2022-07-11,142.58248901367188,144.32454481016836,141.50970378477396,143.36985996820178,63141600.0,140.3750762939453,139.0918451944987,0.019633422436338494
2022-07-12,143.5568389892578,146.10593871300307,142.75963147099264,143.45841200420188,77588800.0,141.66016278948103,139.1600830078125,0.02332597437306369
2022-07-13,143.1927490234375,144.137582416121,139.87595039979414,140.73222349561755,71185600.0,142.58251081194197,139.02393493652343,0.03028184953291511
2022-07-14,146.12564086914062,146.59805740261146,140.98806413686148,141.80496013260634,78140700.0,143.55406406947546,139.0117955525716,0.039561333119122875
2022-07-15,147.79879760742188,148.47790483542687,145.85990291969932,147.4149563504431,76259900.0,144.57341875348772,139.0596939086914,0.0177594050192837
2022-07-18,144.74777221679688,149.17671722622794,144.38360430388153,148.3598211223461,81420900.0,144.67464773995536,138.9238728841146,0.032307351721553586
2022-07-19,148.61572265625,148.8420867705286,144.59030701772662,145.58435379595355,82982400.0,145.23143005371094,139.10824737548828,0.02920492238308205
2022-07-20,150.6234893798828,151.29275997844778,147.99565052411046,148.73380801228873,64823400.0,146.38014439174108,139.3346160888672,0.022167854762818295
2022-07-21,152.89703369140625,153.11356109876007,149.54087389527504,152.06044916137068,65086600.0,147.71445792061942,139.55245564778645,0.023495177235032357
2022-07-22,151.65692138671875,153.8123437761435,150.98766576840873,152.93639744167697,66675400.0,148.92362540108817,139.7535629272461,0.018469625641678786
2022-07-25,150.53488159179688,152.59187641055533,149.8754628468391,151.57814154703897,53623900.0,149.5535169328962,140.09180145263673,0.017920879197963056
2022-07-26,149.20628356933594,150.67274726640133,148.418912346439,149.85585093670824,55138700.0,149.75458635602678,140.56652018229167,0.01504001949789904
2022-07-27,154.3142852783203,154.84576710893515,149.75740301368916,150.17076942758217,78620700.0,151.12123107910156,141.3837417602539,0.03388385179513772
2022-07-28,154.8654327392578,155.15084700049968,151.97185324970047,154.5012648665478,81378700.0,152.01404680524553,142.19046529134116,0.0205758428809311
2022-07-29,159.9439697265625,161.04629519406532,156.98150288420325,158.69403377664,101786900.0,153.34554399762834,143.078879292806,0.02561402097562923
2022-08-01,158.9597625732422,161.00692131549803,158.34955713719083,158.4676575395611,67829400.0,154.2116481236049,144.11065979003905,0.016769126391887254
2022-08-02,157.48342895507812,159.84554184971918,157.1094393855953,157.57201926429306,59907000.0,155.04400634765625,145.0440180460612,0.01736413912126535
2022-08-03,163.50682067871094,163.95954889245084,158.21176579536746,158.30034109572696,82507500.0,156.8971405029297,146.03675791422526,0.03630935383523653
2022-08-04,163.1918487548828,164.55006328617097,161.83363422359466,163.38868774052628,55474100.0,158.89507838657923,147.0360585530599,0.016625563863333102
2022-08-05,162.96519470214844,163.45798329811657,160.64908228561242,160.8560601129534,56697000.0,160.13092258998327,147.9320073445638,0.017462201986867862
2022-08-08,162.4921112060547,165.3897106347166,161.8317762742878,163.97047703384425,60276900.0,161.22044808523995,148.7009704589844,0.02169862785539401
2022-08-09,162.5413818359375,163.42841029450733,160.89546979944944,161.65436841608152,63135500.0,161.5915069580078,149.47157592773436,0.015668865121778588
2022-08-10,166.799072265625,166.89762095148,164.49281044366623,165.26155937141485,70170500.0,162.71140834263392,150.52255096435547,0.01455154191307804
2022-08-11,166.05990600585938,168.52384897861626,165.76422984138568,167.6072543726192,57149200.0,163.9366193498884,151.49016265869142,0.016464795319034782
2022-08-12,169.61781311035156,169.68679568241564,166.9567430947443,167.37069868197673,68039400.0,164.8096182686942,152.6587153116862,0.01631141298429271
2022-08-15,170.69212341308594,170.8892358519702,168.8786649134066,169.04621123839397,54091700.0,165.88108607700892,153.7905756632487,0.01189361727680626
2022-08-16,170.534423828125,171.2046241525694,169.18418785976604,170.28802952506885,56377100.0,166.96240452357702,154.83089752197264,0.01186481691307568
2022-08-17,172.032470703125,173.60938490139674,170.08103242735956,170.27814482230454,79542000.0,168.3253130231585,155.87653605143228,0.02072111178871032
2022-08-18,171.6382293701172,172.3774121237158,170.623086258272,171.24400458368257,62290100.0,169.62486267089844,156.79650472005207,0.010244597290917179
2022-08-19,169.0462188720703,171.23420163153378,168.83924102673046,170.5344351473727,70346300.0,169.94588361467635,157.60743713378906,0.01404385338793092
2022-08-22,165.15318298339844,167.41014821395845,164.72937695607638,167.2426018901802,69026800.0,169.81635175432478,158.35979359944662,0.016029236735041943
2022-08-23,164.81805419921875,166.2767191348891,164.24641767665275,164.67022364972456,54147100.0,169.13067190987724,159.068500773112,0.012329499609808465
2022-08-24,165.11373901367188,165.68537556627746,163.85220146265053,164.90677623350408,53841500.0,168.33375985281808,159.79920043945313,0.01111642678061452
2022-08-25,167.5776824951172,167.68609658373745,165.92192009296824,166.34571105112042,51218200.0,167.91136823381697,160.51426849365234,0.01060548227917376
2022-08-26,161.2601318359375,168.58297803338863,161.20099961189769,168.10990520235598,78961000.0,166.3724626813616,160.96297963460287,0.043911620868533376
2022-08-29,159.0524444580078,160.55051089039753,157.514946518142,158.82575088680454,73314000.0,164.57449340820312,161.43980204264324,0.01911254538578555
2022-08-30,156.61807250976562,160.21542318351743,155.4452332651624,159.79163221679283,77906200.0,162.7990439278739,161.70654703776043,0.029852563943293487
2022-08-31,154.95245361328125,158.26399371424608,154.87360563007792,157.99788365077418,87991100.0,161.341796875,161.85084584554036,0.021458439858992078
2022-09-01,155.68177795410156,156.13513503517575,152.43922061054926,154.3808088580502,74229900.0,160.03661455426897,161.94367065429688,0.023940245241394008
2022-09-02,153.56277465820312,158.04715373707748,152.7348934543625,157.44595106884975,76957800.0,158.38647678920202,162.0071990966797,0.033740215271664764
2022-09-06,152.30125427246094,154.82432967651317,151.47337297526548,154.21327658173306,73714800.0,156.2041299002511,162.06607818603516,0.021729365820663885
2022-09-07,153.7106170654297,154.410368411757,151.3945047755551,152.587059729615,87449600.0,155.12562779017858,162.21622263590496,0.019764871552974482
2022-09-08,152.2322540283203,154.10484460794962,150.47791285622748,152.4096506976959,84923800.0,154.15131487165178,162.14682159423828,0.02379725781877257
2022-09-09,155.1002655029297,155.54378723487187,152.51805827855026,153.2276750032018,68028800.0,153.93448529924666,162.15464935302734,0.019746621857039796
2022-09-12,161.07289123535156,161.89092220059695,157.0024672047199,157.28827800524363,104956000.0,154.808833530971,162.192280069987,0.03107958875177008
2022-09-13,151.62118530273438,158.2245492067868,151.15796283866058,157.59378043168627,122656600.0,154.22874886648995,161.94766082763672,0.04484051558868116
2022-09-14,153.0700225830078,154.834214539109,151.39454402174968,152.5575181275311,87965400.0,154.15835571289062,161.80054728190103,0.022546712607660047
2022-09-15,150.17239379882812,153.00101060134492,149.19668199140034,152.41950862141564,90481100.0,153.85423278808594,161.35606638590494,0.024959591094036965
2022-09-16,148.52647399902344,149.167108171916,146.23007742711988,149.0291279719984,162278800.0,153.11364092145647,160.86722056070963,0.01970776307131024
2022-09-19,152.251953125,152.33080110123336,146.94955831205283,147.15652109079085,81474200.0,153.116455078125,160.510112508138,0.0365681571519381
2022-09-20,154.63702392578125,155.80001259569255,150.8721276389919,151.1875044560908,107689800.0,153.05027770996094,160.24827626546224,0.03259452541682661
2022-09-21,151.50291442871094,156.4505157277147,151.38464998799563,155.07069875161233,101696800.0,151.68313816615515,159.880327351888,0.03266810416475537
2022-09-22,150.5370635986328,152.24210790592508,148.73345555804372,150.18225521296424,86652500.0,151.52826363699776,159.3382603963216,0.023362629246084777
2022-09-23,148.26034545898438,149.28535399224103,146.41732122459263,149.00939362683624,96029900.0,150.84116690499442,158.74494171142578,0.019247328627018015
2022-09-26,148.595458984375,151.55219019297488,147.48175208341434,147.50146783564452,93339400.0,150.6158905029297,158.04419657389323,0.027595915954518373
2022-09-27,149.57118225097656,152.48849721993565,147.78729002305445,150.5370586818527,84442700.0,150.76513453892298,157.3401652018229,0.031229567244413895
2022-09-28,147.67886352539062,148.46732818361193,142.75097820989805,145.5105969943164,146691400.0,150.11183602469308,156.57831319173178,0.039284767513785644
2022-09-29,140.42501831054688,144.6038705485337,138.65097655674526,143.99281757061257,128138200.0,148.08154950823103,155.5247314453125,0.04134160364539854
2022-09-30,136.20677185058594,141.03610936010895,136.00965940990883,139.2423515609022,124925300.0,145.8963862827846,154.34368286132812,0.03609857125977677
2022-10-03,140.39544677734375,141.00651477037042,135.7041054662748,136.21660973950978,114311700.0,144.4475838797433,153.38865712483724,0.038926305053660785
2022-10-04,143.9928436279297,144.1111080866803,142.17937004103229,142.93826874168496,87830100.0,143.8379407610212,152.68331247965494,0.013514491693886502
2022-10-05,144.2884979248047,145.2543744211321,140.94739177527688,141.99211625326663,79471000.0,143.222660609654,151.99899393717448,0.030332547746333975
2022-10-06,143.33248901367188,145.41205756578128,143.12552621752397,143.7070131726072,68402200.0,142.33141871861048,151.2729522705078,0.01591106305654651
2022-10-07,138.06948852539062,141.03608513942643,137.43871980031912,140.4841493461153,85925600.0,140.95865086146765,150.28934580485026,0.02560691263641686
2022-10-10,138.39476013183594,139.84355993945272,136.57145118339125,138.39476013183594,74899000.0,140.66861397879464,149.52716674804688,0.02364329944966438
2022-10-11,136.97549438476562,139.31132222277216,136.22646123968164,137.8822234673554,77033700.0,140.77843148367745,148.79126841227213,0.02237315953800879
2022-10-12,136.34471130371094,138.33558094843937,136.1673146717475,137.12332551389028,70433700.0,140.1997549874442,148.11548970540363,0.01581252692469325
2022-10-13,140.92770385742188,141.51904121552016,132.43201728601596,133.04308543971524,113224000.0,139.76187787737166,147.647998046875,0.06830136191949433
2022-10-14,136.38417053222656,142.43561361849277,136.19690846794035,142.22863580040965,88598000.0,138.63268824986048,147.00474446614584,0.04386391752577332
2022-10-17,140.3560333251953,140.83895646188824,138.24689900930798,139.03536366842835,85250900.0,138.20748029436385,146.56451975504558,0.018643152246947795
2022-10-18,141.67674255371094,144.58419269750462,138.5820303092168,143.39165253838607,99136600.0,138.7228022984096,146.2103693644206,0.04185852022788447
2022-10-19,141.7851104736328,142.8593858144363,139.45914810857732,139.6464101482739,61758300.0,139.20713806152344,145.81285247802734,0.024348908806525543
2022-10-20,141.32191467285156,143.78585768272674,140.59258212799125,140.95725591977873,64522000.0,139.82805524553572,145.4491744995117,0.022654211972974576
2022-10-21,145.1459503173828,145.71758686598037,140.59257368233722,140.80940185727815,86548600.0,141.0853751046317,145.11736399332682,0.0363968109802623
2022-10-24,147.29452514648438,148.06327424087988,143.89428645377873,145.06712585230207,75981900.0,141.9949210030692,144.65808512369793,0.028738335874564286
2022-10-25,150.142822265625,150.2906678641537,147.20580651383366,147.92527363612152,74732300.0,143.96044267926897,144.60880635579426,0.020854187215556076
2022-10-26,147.1959686279297,149.79789197212497,145.90484979505857,148.7827486054812,88194300.0,144.9375762939453,144.41300455729166,0.026165951453077166
2022-10-27,142.71157836914062,146.900281375259,142.0512434645865,145.934419951747,109180200.0,145.08540998186385,144.16431070963543,0.03322751351104033
2022-10-28,153.4937744140625,155.22838459945976,145.68800602170657,146.0625150725111,164762400.0,146.75807625906808,144.32988739013672,0.06531709092519031
2022-10-31,151.12840270996094,152.01543120421692,149.7288849047636,150.9510060343384,97943200.0,148.15900312151228,144.2924357096354,0.01514760556768459
2022-11-01,148.47720336914062,153.20797707085114,146.9791368105924,152.8433183089133,80379300.0,148.63489641462053,144.08710835774738,0.04075310801398314
2022-11-02,142.93826293945312,149.97528368505897,142.90869682596562,146.80172383520585,93604600.0,148.0125732421875,143.80161997477214,0.048136947404146535
2022-11-03,136.876953125,140.74041357111363,136.74882328898968,140.01108109963562,97918500.0,146.11744907924108,143.34628295898438,0.028509102642264646
2022-11-04,136.6103973388672,140.84553006556408,132.66154945569053,140.27294531486436,140814800.0,144.605224609375,142.95795135498048,0.05834325779289321
2022-11-07,137.14349365234375,137.37054820183675,133.93505454893932,135.35664228494105,83374600.0,143.80978393554688,142.5762191772461,0.02538104961015014
2022-11-08,137.71607971191406,139.62139172038218,135.73178893253106,138.61444628445304,89908500.0,141.55582754952567,142.18104909261066,0.02806058742152458
2022-11-09,133.14527893066406,136.77822695953947,132.86886077303504,136.72886334632145,74917800.0,138.98680986676897,141.69659627278645,0.028592106237308276
2022-11-10,144.99185180664062,144.99185180664062,137.71610267221538,139.43385733276594,118854000.0,138.48890250069755,141.84882405598958,0.05218064875779272
2022-11-11,147.78564453125,148.09167786414133,142.5238023668343,143.955271925704,93979700.0,139.18138558523995,142.2347864786784,0.03867781584394238
2022-11-14,146.38380432128906,148.35822845841318,145.544668037547,147.0649830587826,73374100.0,140.53950718470983,142.43439839680988,0.019131409546632686
2022-11-15,148.12130737304688,151.6259135896167,146.66023757913166,150.2734377369584,89868300.0,142.18392290387834,142.57201385498047,0.03304426973432952
2022-11-16,146.88726806640625,147.95345884286033,145.40645005416332,147.22293159756276,64218300.0,143.57589067731584,142.65863952636718,0.01730035369530149
2022-11-17,148.79263305664062,149.5429089514445,144.28106579714384,144.55748402489598,80389400.0,145.15825544084822,142.84064432779948,0.036399659206813935
2022-11-18,149.3553009033203,150.74727347635653,148.05218886107582,150.36226138845927,74829600.0,147.4739728655134,143.21683807373046,0.017923943085146773
2022-11-21,146.11724853515625,148.44706955079,145.83096367172806,148.23976345815657,58724100.0,147.6347438267299,143.47425435384113,0.017647801224402102
2022-11-22,148.25949096679688,148.49642726977405,145.0510519659885,146.23571841721474,51804100.0,147.70243617466517,143.8503875732422,0.0235604224540805
2022-11-23,149.13815307617188,149.8884289191742,147.4302651381728,147.53885908183943,58301400.0,148.09591456821985,144.2768356323242,0.016661127761858668
2022-11-25,146.21597290039062,146.97613037369675,145.23862757756845,146.41341229167975,35195900.0,147.82372392926897,144.45311126708984,0.011867101305356531
2022-11-28,142.375732421875,144.7647839323927,141.54647786060335,143.2839657599813,69246000.0,147.17921883719308,144.6528299967448,0.022461034315454563
2022-11-29,139.36473083496094,142.95818228893546,138.55522474324414,142.4448277773216,83763800.0,145.8323756626674,144.61978658040366,0.03090991518887785
2022-11-30,146.13697814941406,146.81815677897796,138.75263726440983,139.59175835153627,111380900.0,145.37261526925224,144.76846110026042,0.0577793389080794
2022-12-01,146.4134063720703,147.22292742638413,144.735149018476,146.31469421224674,71250400.0,145.41492353166853,144.92273763020833,0.017002929345560615
2022-12-02,145.9197998046875,146.1073724903674,143.78741832063093,144.0934666867535,65447400.0,145.08068193708147,145.0760004679362,0.016100342528227448
2022-12-05,144.75491333007812,148.99004656094093,143.90591033158032,145.8803345082114,68826400.0,144.45450483049666,145.0629659016927,0.034851416035616714
2022-12-06,141.08248901367188,145.4163496587564,140.10514358274577,145.18929508684244,64727200.0,143.72114998953683,144.85589803059895,0.03658125120611554
2022-12-07,139.1376953125,141.53661382163668,138.20971339806968,140.37171061069705,69721100.0,143.2585732596261,144.4890604654948,0.023700647438811433
2022-12-08,140.82579040527344,141.6846751168045,139.2956238058851,140.53950554386986,62128300.0,143.46729605538505,144.27672119140624,0.01699914413156697
2022-12-09,140.34207153320312,143.70846830830249,139.0981746838461,140.51976247530513,76097000.0,142.6394522530692,144.19773763020834,0.0328088629189548
2022-12-12,142.6422882080078,142.65215490653637,139.2561427186447,140.87517003337655,70462700.0,142.10072108677454,143.83602142333984,0.024106534793087227
2022-12-13,143.60977172851562,148.05222699321214,142.39550484065782,147.5882360160285,93886200.0,141.77071707589286,143.585400390625,0.03832773061899044
2022-12-14,141.37864685058594,144.78452547159364,139.35485909896488,143.49128007302596,82291200.0,141.28839329310827,143.34878184000652,0.0378396956934629
2022-12-15,134.75445556640625,139.98668286120417,134.29046466082826,139.3055040822211,98931900.0,140.38438851492745,143.07598826090495,0.04089011584936285
2022-12-16,132.78990173339844,135.8897473019235,132.01987745650547,134.94203206743774,160156900.0,139.4775608607701,142.93975321451822,0.02867801667225566
2022-12-19,130.67726135253906,133.47107341378072,129.64070069453433,133.38222793972224,79592600.0,138.02777099609375,142.74198201497396,0.028717264499265947
2022-12-20,130.608154296875,131.54600271059752,128.22896969448558,129.70978773625592,77432800.0,136.637211390904,142.52413736979167,0.02557272719354526
2022-12-21,133.71788024902344,135.06048935091275,131.05241050570748,131.27946507821224,85928000.0,135.36229596819197,142.39086405436197,0.03053088952500966
2022-12-22,130.5390625,132.83926868979583,128.63375022087482,132.63196256739838,77852100.0,133.49505179268974,142.30399017333986,0.03170818245853773
2022-12-23,130.1737823486328,130.72661868998517,127.9821703785141,129.24580060550824,63814900.0,131.89435686383928,141.81005452473957,0.021234332555591838
2022-12-27,128.36717224121094,129.72952959065904,127.07392696075074,129.69991443642402,69007800.0,130.9818878173828,141.16277211507162,0.02047497595852323
2022-12-28,124.42821502685548,129.35440133807893,124.2603907760934,128.01179226832107,85438400.0,129.78736114501953,140.4309191385905,0.039793291475117766
2022-12-29,127.95256042480467,128.81143012835383,126.09660439491776,126.35327411707952,75703700.0,129.39811815534318,139.75862757364908,0.021485994347249775
2022-12-30,128.26844787597656,128.28819633379305,125.80042540883515,126.767896482437,77034200.0,129.06387438092912,139.13800023396809,0.019624613123580284
2023-01-03,123.47061157226562,129.22605213593528,122.58211921528644,128.6139854814398,112117500.0,127.59997885567802,138.2939328511556,0.051657935144289714
2023-01-04,124.7441177368164,127.01470850998555,123.4804874926226,125.26733892869382,89113600.0,126.77212960379464,137.4735600789388,0.02821342775848974
2023-01-05,123.4212646484375,126.13609817024776,123.16459490202124,125.50428297135478,80962700.0,125.80748421805245,136.71702728271484,0.023676508863882725
2023-01-06,127.96240234375,128.62383251265754,123.29289424953689,124.39857429492388,87754700.0,125.74965994698661,136.04045766194662,0.04285369260327759
2023-01-09,128.48562622070312,131.70394674213998,128.22895654270584,128.8015412677692,70790800.0,126.32929011753627,135.35204010009767,0.026979414727731205
2023-01-10,129.05821228027344,129.5814334016857,126.4815885226744,128.5942214648839,63896200.0,126.48724038260323,134.78011474609374,0.024105631214990448
2023-01-11,131.78294372558594,131.8026771210122,128.7916923794983,129.57158328133335,69458900.0,126.98931121826172,134.4270217895508,0.023238002232142858
2023-01-12,131.70394897460938,132.54307008824253,129.75914024116136,132.16793979306604,71379600.0,128.16550227573939,134.17166239420573,0.02106357904526573
2023-01-13,133.0366973876953,133.19465493922883,129.97634891095512,130.34161256817276,57809700.0,129.35015651157923,133.7349863688151,0.024691316647555105
2023-01-17,134.20164489746094,135.53437248834726,132.41479301235546,133.1058386221111,63646600.0,130.8902108328683,133.3279276529948,0.023436834238716744
2023-01-18,133.48094177246094,136.83745656269951,133.30323577852656,135.0703537024429,69672800.0,131.67857360839844,132.91329905192057,0.02616577722124554
2023-01-19,133.54017639160156,134.50763996952077,132.05935833689125,132.3653916580124,58280400.0,132.40065220424108,132.5394744873047,0.018496387930124904
2023-01-20,136.10691833496094,136.25500917828725,132.5036004355903,133.55004278165805,80223600.0,133.40761021205358,132.37362213134764,0.028089910452744355
2023-01-23,139.3054962158203,141.4872415250396,136.136538833656,136.3537266947968,81760300.0,134.48226056780135,132.37921549479168,0.039241338107026374
2023-01-24,140.70733642578125,141.32928485597137,138.50585770726414,138.51572440513698,66435100.0,135.7684587751116,132.3752670288086,0.02038344138062722
2023-01-25,140.04592895507812,140.60863209871746,137.03492861064362,139.08833187727987,65799300.0,136.76977757045202,132.36539560953776,0.025693769131022358
2023-01-26,142.11904907226562,142.405333930146,140.08537965694651,141.33914314056878,54105100.0,137.90083530970983,132.34795430501302,0.01641409606461382
2023-01-27,144.06385803222656,145.34723680622537,141.25031251687773,141.3292912944412,70555800.0,139.41268048967635,132.36309051513672,0.028988500910347253
2023-01-30,141.1713409423828,143.68873499989203,141.0232651416844,143.10628343226185,64015300.0,140.50284685407365,132.3561803181966,0.018625805899496518
2023-01-31,142.44483947753906,142.49420309949798,140.4605484095562,140.87517571941848,65874500.0,141.40826416015625,132.6125264485677,0.014435862667473936
2023-02-01,143.5702362060547,144.73515421762997,139.51280928282884,142.1289150988489,77663600.0,142.01751273018974,132.97187093098958,0.03674371911703578
2023-02-02,148.89134216308594,149.24672407231745,146.2752209542802,146.9958815985471,118339000.0,143.18665640694755,133.57900695800782,0.020214873272113618
2023-02-03,152.52426147460938,155.36743699431324,145.93955891955838,146.13699831650217,154357300.0,144.96927533830916,134.3095438639323,0.06451397102283465
2023-02-06,149.7896728515625,151.14216353764462,148.85182446235734,150.6189423816567,69858300.0,146.06507873535156,134.84527028401692,0.015206182164549642
2023-02-07,152.67234802246094,153.24493285853742,148.71363285221915,148.71363285221915,83322600.0,147.29486301967077,135.58304646809896,0.030469970502443135
2023-02-08,149.9772491455078,152.60323674930237,149.23684012618935,151.91219134400382,64120100.0,148.55284990583147,136.2431620279948,0.022160147867855078
2023-02-09,148.94068908691406,152.35644968138112,148.49644664158131,151.81347999768036,56007100.0,149.48082842145647,136.92894592285157,0.02542595716703672
2023-02-10,149.30650329589844,149.6327824911062,147.53670230127932,147.77400037597403,57450700.0,150.30029514857702,137.75822219848632,0.014184363856253063
2023-02-13,152.11447143554688,152.51983488560623,149.21751602061343,149.2471763928944,62199000.0,150.7607421875,138.56361923217773,0.022126508151145304
2023-02-14,151.4718017578125,152.03537903023067,149.15820209418638,150.40398304690967,61707600.0,150.61039079938615,139.33706436157226,0.019129659186930756
2023-02-15,153.57778930664062,153.74586979762776,151.15542974516777,151.38283098748437,65573800.0,151.15155029296875,140.34063695271809,0.0171118483883695
2023-02-16,151.97605895996094,154.5664988468429,151.6201193880744,151.77830301928833,68167900.0,151.05208042689733,141.2483683268229,0.019412388992082
2023-02-17,150.82916259765625,151.27408335489702,149.14834246660095,150.6314217151784,59144100.0,151.1737823486328,142.1619649251302,0.014112200921236237
2023-02-21,146.80506896972656,149.59326523615655,146.73586644892643,148.50566773790462,58867200.0,150.86869376046317,142.79005381266276,0.01924100831136697
2023-02-22,147.230224609375,148.25848625294472,145.49996548151248,147.19066738077868,51011300.0,150.57208251953125,143.4148737589518,0.018741139098826277
2023-02-23,147.7146759033203,148.64407457569817,145.57905341345287,148.39689471971093,48394200.0,149.94354030064173,144.03675587972006,0.02065421360759908
2023-02-24,145.05502319335938,145.5296042594395,144.07618560082526,145.45050490064946,55469600.0,149.02685764857702,144.47915852864583,0.0099925308585695
2023-02-27,146.25135803222656,147.48725716556407,145.7866587511589,146.0437354263551,44998500.0,147.980224609375,144.96407216389974,0.011644446161559033
2023-02-28,145.7471466064453,147.39830637793327,145.17368748018072,145.39120697933842,50547000.0,147.0903799874442,145.38775380452475,0.015300917737540278
2023-03-01,143.6708221435547,145.56916169404062,143.37420328858403,145.1736799451875,55479000.0,146.06775992257255,145.7033930460612,0.015119534107596696
2023-03-02,144.26405334472656,145.05503189340783,142.27671766674902,142.75131384795435,52238100.0,145.7047576904297,146.06283009847004,0.01946261755333484
2023-03-03,149.32630920410156,149.40540857679258,145.66804996545298,146.37003238225878,70732300.0,146.0041983468192,146.5890345255534,0.025533632469105057
2023-03-06,152.0947265625,154.53686499973716,151.72890516544965,152.05516933291133,87558000.0,146.62991986955916,147.12196146647136,0.018466717354013375
2023-03-07,149.889892578125,152.29247388732216,149.42519317412447,151.9661946194071,56182000.0,147.32061549595423,147.4747746785482,0.018867885192352614
2023-03-08,151.14553833007812,151.7387760380252,150.11727673451966,151.08621757661572,47204800.0,148.01978410993303,147.82271474202474,0.010732278096003581
2023-03-09,148.89125061035156,152.79668921738386,148.53531102339875,151.82774843104707,53833600.0,148.46894182477678,148.11755879720053,0.028067189548822324
2023-03-10,146.8248291015625,149.23730682187812,145.94486944980744,148.51554589298388,68572400.0,148.91951424734933,148.27441813151043,0.02216897465025727
2023-03-13,148.77261352539062,151.4124925875259,146.03385648579933,146.1426162263365,84457100.0,149.5635942731585,148.4313766479492,0.03680402226682779
2023-03-14,150.86868286132812,151.66954312555754,148.40678132116508,149.57346291926223,73695900.0,149.78393336704798,148.75462137858074,0.021813774587499186
2023-03-15,151.2642059326172,151.52126757855024,148.22882974181093,149.4845077659118,77167900.0,149.665287562779,149.04860026041666,0.02202527797659921
2023-03-16,154.0919189453125,154.69503836094125,149.92940378389787,150.443542077547,76161100.0,150.2655770438058,149.39932301839193,0.0316772292863652
2023-03-17,153.2515106201172,154.97188784795392,152.53963142836827,154.31932940774055,98944600.0,150.5664302280971,149.54466196695964,0.01576119095981281
2023-03-20,155.62445068359375,156.0397261696518,152.4111121554213,153.32074741504434,73641400.0,151.528315952846,149.64800160725912,0.023666816627287333
2023-03-21,157.4832305908203,157.60187209543255,154.77413390443738,155.5453489444009,73938300.0,153.05094473702567,149.90445353190105,0.018179509771172532
2023-03-22,156.04959106445312,160.31096943804832,156.029812451383,157.50300984854792,75701800.0,154.09051295689173,150.01702829996745,0.027181429680499393
2023-03-23,157.13717651367188,159.7276317574304,155.90127718884906,157.03831361968307,67622100.0,154.9860120500837,150.2556925455729,0.024365739037723242
2023-03-24,158.44227600097656,158.53125712176995,156.06935559319226,157.06795670652497,59196500.0,156.0114506312779,150.572412109375,0.015674116988595325
2023-03-27,156.49449157714844,158.9564080964957,156.08911303822106,158.13576925671327,52390300.0,156.35467529296875,150.81201171875,0.018131856389935076
2023-03-28,155.87161254882812,156.7021483382564,154.2204529064242,156.18801000892674,45992200.0,156.7289755684989,150.93724975585937,0.015889154562442668
2023-03-29,158.95643615722656,159.23327640666747,157.5524562960156,157.5722198233599,51305700.0,157.20497349330358,151.18673756917318,0.010666982495620625
2023-03-30,160.5284881591797,160.6372479005565,159.45078759523014,159.70784921727477,49501700.0,157.6400102887835,151.41842753092448,0.00742894172791872
2023-03-31,163.03982543945312,163.1387034155815,160.08356404514288,160.60758412796915,68749800.0,158.63861519949776,151.78721974690754,0.01902238544354376
2023-04-03,164.2954864501953,164.4141279400383,162.36748680694973,162.41692578993744,56976200.0,159.6612309047154,152.23609720865886,0.012601156702938718
2023-04-04,163.76158142089844,164.95792331758295,163.24744316398008,164.7206403425892,46278300.0,160.42113167898995,152.8013142903646,0.010384127636010782
2023-04-05,161.9126739501953,163.18813034939654,159.97479248917713,162.88162976736427,51511700.0,161.19515773228235,153.2907292683919,0.0197280556733676
2023-04-06,162.80252075195312,163.09913955417102,160.17252383849814,160.59766588857192,45390100.0,162.18528747558594,153.793657430013,0.018223276779772538
2023-04-10,160.20220947265625,160.20220947265625,158.27420958419825,159.59909001148102,47716900.0,162.3632550920759,154.2985636393229,0.012080268680224366
2023-04-11,158.98609924316406,160.52849925536958,158.69936213850443,160.5186174915291,47644200.0,162.14291381835938,154.72305501302083,0.011395171136218404
2023-04-12,158.2939910888672,160.23187277591592,157.9775936210526,159.40135205289505,50133100.0,161.4649374825614,155.1412831624349,0.0141421583056289
2023-04-13,163.6923828125,163.92968090167284,159.59908506589906,159.8067227797579,68445600.0,161.3787798200335,155.8086685180664,0.027098959045309436
2023-04-14,163.34632873535156,164.44380780578675,161.97200945675792,162.7333124858637,49386500.0,161.3194580078125,156.4447443644206,0.01518925849459096
2023-04-17,163.3660888671875,163.52428757903846,162.1796287016244,163.2276687659828,41516200.0,161.52708871023995,156.91273701985676,0.008237934705431996
2023-04-18,164.5920867919922,165.5214852558962,163.78132980461797,164.22626551492016,49923000.0,161.7827410016741,157.32931569417318,0.010596084894350507
2023-04-19,165.73902893066406,166.26304897753164,163.67259403000486,163.92967071563345,47720200.0,162.57371520996094,157.8576202392578,0.015802233581133744
2023-04-20,164.7700958251953,165.9763348015194,163.69239520940707,164.21641532852104,52456400.0,163.4000004359654,158.31177215576173,0.013908107709836687
2023-04-21,163.15847778320312,164.5723392677561,162.63445771401044,163.18813815793777,58337300.0,164.09492710658483,158.78734639485677,0.011875137345277644
2023-04-24,163.46498107910156,163.73193954278202,162.04122272168698,163.13870186497232,41949600.0,164.06244114467077,159.3420181274414,0.01036367705374057
2023-04-25,161.92254638671875,164.43388649764378,161.88298917048886,163.32652582972818,48714100.0,163.85904366629464,159.780349222819,0.01561838969019827
2023-04-26,161.9126739501953,163.41553157370114,160.96351183078312,161.2205734284031,45498800.0,163.6514129638672,160.1484822591146,0.015209099501230531
2023-04-27,166.51022338867188,166.65852525119462,163.32654598880194,163.32654598880194,64902300.0,163.92543247767858,160.65668284098308,0.020400720790490035
2023-04-28,167.7659149169922,167.9340105056485,165.98623191391812,166.58935140303254,55275900.0,164.2149876185826,161.11248270670572,0.011692095415018986
2023-05-01,167.67691040039062,168.52720964209172,166.7376300382773,167.370409816753,52472900.0,164.63024684361048,161.59332936604818,0.010692329700176717
2023-05-02,166.63876342773438,168.42835824019505,165.65004401355455,168.17128153704527,48425700.0,165.12743050711495,161.9604731241862,0.01652074124218699
2023-05-03,165.56105041503906,168.9919077307227,165.27432844465707,167.58792807875122,65136000.0,165.42686898367745,162.2297337849935,0.022182858447409692
2023-05-04,163.91976928710938,165.1556684360722,162.45646891900202,163.02992793451995,81235400.0,165.7121865408761,162.49207305908203,0.01655646635723413
2023-05-05,171.61204528808594,172.3338062754006,168.8337309104411,169.05125040031595,113453200.0,167.09781101771765,162.97456868489584,0.020704226420516156
2023-05-08,171.54281616210938,171.88887398730245,170.1684967974759,170.53431814830344,55962800.0,167.81675284249442,163.4112533569336,0.010088158257568
2023-05-09,169.83233642578125,171.58235891028352,169.66425593732595,171.09789605728315,45326900.0,168.11195591517858,163.85584818522136,0.011210558499885899
2023-05-10,171.60215759277344,172.06685697441904,169.9608795676703,171.0682556897458,53724500.0,168.6727055140904,164.3801996866862,0.012310743441309153
2023-05-11,171.7899932861328,172.62051394942262,170.22781484613878,171.88887125937896,49514700.0,169.4085954938616,164.8079849243164,0.013920034995594726
2023-05-12,170.85931396484375,172.33453386665053,169.30487018579348,171.89889318697968,45533100.0,170.16549028669084,165.1523457845052,0.017624684049370797
2023-05-15,170.36427307128906,171.49297161869612,169.77021484316816,171.44346424843133,37266700.0,171.0861336844308,165.39649403889973,0.010048541559050526
2023-05-16,170.36427307128906,171.42365827881974,170.09694535788182,170.28506430037106,42110300.0,170.90788051060267,165.59878692626953,0.007791129106882165
2023-05-17,170.97811889648438,171.21573009717264,168.7306172756303,170.00783790944186,57951600.0,170.82720947265625,165.83933817545574,0.014617636763700802
2023-05-18,173.3147430419922,173.50286200077872,170.86922679282654,171.28506154552483,65496700.0,171.32469613211495,166.2194071451823,0.015375743711614941
2023-05-19,173.4236602783203,174.64146318273222,173.20583990744595,174.64146318273222,55809500.0,171.5849108014788,166.57344512939454,0.008220403386016886
2023-05-22,172.47315979003906,172.97811385055638,171.73059450812943,172.25533943207657,43570900.0,171.68250601632255,166.98247680664062,0.0072422680570599935
2023-05-23,169.8593292236328,171.66129487805824,169.58210606257185,171.4137731194303,50747300.0,171.5396510532924,167.34491780598958,0.01212964849701863
2023-05-24,170.13653564453125,170.71078788094945,168.82962874348078,169.39397044171028,45143500.0,171.50711713518416,167.7396692911784,0.011105230797550684
2023-05-25,171.275146484375,172.1761141248664,169.98803043113716,170.70089424192955,56058300.0,171.63724190848214,167.9924280802409,0.012818232168298525
2023-05-26,173.69094848632812,174.0275895351184,171.39395459047836,171.60187949980389,54835000.0,172.02478899274553,168.33724873860677,0.015347354890964702
2023-05-30,175.54241943359375,177.21566879798618,174.81966018947244,175.20579349606086,55964400.0,172.34302847726005,168.74312642415364,0.013675396005484307
2023-05-31,175.49293518066406,177.5721240946458,175.00778707206032,175.57214396008078,99625300.0,172.63863917759485,169.1064880371094,0.014605602943303585
2023-06-01,178.30474853515625,178.33444993394386,175.17607026429087,175.93844141740337,68901800.0,173.47172328404017,169.5253453572591,0.017951617873889887
2023-06-02,179.15625,179.97802407047664,177.4830004559296,179.2354587774889,61996900.0,174.7998548235212,170.0048838297526,0.013920368388960687
2023-06-05,177.79981994628906,183.1165821425977,176.275077551752,180.8195882273271,121946500.0,175.89460972377233,170.49292856852213,0.03783608102372487
2023-06-06,177.43350219726562,178.33446990727649,175.67113339582835,178.18596289670575,64848400.0,176.77437482561385,170.95854593912762,0.014946949064624526
2023-06-07,176.05728149414062,179.41367589423808,175.56223798316736,176.67113061333816,61944600.0,177.1124223981585,171.42970377604166,0.021800041114243857
2023-06-08,178.77999877929688,179.04731136486936,175.70082791608735,176.1364534617516,50214900.0,177.57493373325892,171.99194793701173,0.01899938021352693
2023-06-09,179.1661376953125,180.42353722036253,178.8394071951532,179.70077799078285,48900000.0,178.09967694963728,172.41381174723307,0.008815376554967313
2023-06-12,181.9680633544922,182.0670780867689,179.17602617310777,179.4730552624109,54274900.0,178.62300763811385,172.88721669514973,0.01610855684957315
2023-06-13,181.49282836914065,182.32449774459167,180.631457595104,180.98788948565831,54929100.0,178.95680454799108,173.34774729410807,0.009354438875988054
2023-06-14,182.1265106201172,182.5621513412214,180.21564985689943,181.5522583157097,57462900.0,179.5749032156808,173.86400553385417,0.01292466150567808
2023-06-15,184.16607666015625,184.67103069686027,181.95818688950908,182.13641040467772,65433200.0,180.53669956752233,174.4841730753581,0.01489457160884905
2023-06-16,183.08688354492188,185.1363708565112,182.4433330473612,184.87893857146412,101256200.0,181.54092843191964,175.12307688395182,0.014566493241246252
2023-06-20,183.17601013183597,184.2552165596262,182.58196693246396,182.58196693246396,49799100.0,182.16893005371094,175.5085423787435,0.009164375076434438
2023-06-21,182.13641357421875,183.57203672168453,180.77998409317425,183.0670826761933,49515700.0,182.59325517926897,175.86166229248047,0.015251527405660489
2023-06-22,185.1462554931641,185.1957628610581,181.84926421078356,181.9185775473408,51245300.0,183.04728262765067,176.37212626139322,0.0183955849665969
2023-06-23,184.82943725585935,185.7007186660485,183.17599374881704,183.71064919871637,53117000.0,183.52394104003906,176.8130355834961,0.013742942655983458
2023-06-26,183.43341064453125,186.18585111473345,183.3937987069229,184.97794384564872,48088700.0,183.71064104352678,177.2011494954427,0.015093974718090352
2023-06-27,186.19573974609372,186.52247023555708,183.82943266258093,184.04725298888985,50730800.0,184.00059291294642,177.71236368815104,0.014632316045155639
2023-06-28,187.3739318847656,188.01748227887597,185.7402946643157,186.0670100223849,51216800.0,184.61302839006697,178.27935231526692,0.012238535000300718
2023-06-29,187.7105865478516,188.18583917474905,187.06703605511277,187.2056476277424,46347300.0,185.26082502092635,178.85756276448566,0.005976332091545753
2023-06-30,192.04718017578125,192.5521191164762,189.3640377084909,189.7303801784341,85213200.0,186.67664882114954,179.55986480712892,0.01680322046994807
2023-07-03,190.5521545410156,191.95807629669287,189.8590815409033,191.85906155166865,31458200.0,187.44892011369978,180.1344451904297,0.010940295125045692
2023-07-05,189.433349609375,191.06698713435688,188.7303811843197,189.6709759307026,46920300.0,188.10662187848772,180.66810150146483,0.012319259383633237
2023-07-06,189.9085693359375,190.11649423604223,187.32444187549908,187.95809689875657,45094300.0,189.0316445486886,181.24928181966146,0.014854653279699297
2023-07-07,188.78977966308597,190.7600582083635,188.35415407859097,189.51255404191053,46815000.0,189.4022216796875,181.8802968343099,0.012695222973146462
2023-07-10,186.74029541015625,188.1066202001988,185.18585168727856,187.3838458679872,59922200.0,189.31170218331474,182.43375549316406,0.015587088093911407
2023-07-11,186.21556091308597,187.4234682366511,184.7502364135668,187.28485666382537,46638100.0,189.09812709263392,182.93176930745443,0.014273614379205974
2023-07-12,187.8888092041016,189.7996698114742,186.6016931169576,187.79968989475896,60750200.0,188.5040740966797,183.4050313313802,0.017028658014870586
2023-07-13,188.6511688232422,189.29473443261008,187.89870814797317,188.6115719908716,41342300.0,188.23250470842635,183.84198964436848,0.007401594026820806
2023-07-14,188.7996826171875,189.28481555311023,187.75019286903463,188.3442359735881,41616200.0,188.14198085239954,184.2855478922526,0.008147967343639885
2023-07-17,192.06695556640625,192.3936860433753,189.90855835393603,189.99766254560217,50520200.0,188.4503217424665,184.7442881266276,0.013079780330680725
2023-07-18,191.80953979492188,192.40359800546008,190.5125283130256,191.433317028607,48288200.0,188.88171604701452,185.166064453125,0.009878477382032153
2023-07-19,193.1659698486328,196.26493172677775,190.74024473686077,191.1857959500616,80507300.0,189.79966953822546,185.6782694498698,0.02889695315733623
2023-07-20,191.21551513671875,194.52240222913116,190.59175546623808,193.15607727761312,59581200.0,190.51394871303015,186.1376698811849,0.020349588883210562
2023-07-21,190.03729248046875,193.03725474426253,189.33432409540023,192.17588392818155,71951700.0,190.8208748953683,186.60367024739583,0.019268446035851837
2023-07-24,190.83924865722656,192.9778399722658,190.34420521064493,191.49270963252084,45377800.0,191.13345772879464,187.00564524332682,0.013753185521657078
2023-07-25,191.7006378173828,192.51251639930567,191.0075799471612,191.4135192381226,37283200.0,191.5478799002511,187.4234619140625,0.007862226545619818
2023-07-26,192.57188415527344,193.70058251208812,191.4035889734502,191.75011029173345,47471900.0,191.62001255580358,187.77692260742188,0.011979098917560998
2023-07-27,191.3045959472656,195.24513765991685,190.64123952357383,194.07684234558644,47460200.0,191.5478777204241,188.1039815266927,0.02372203752235934
2023-07-28,193.88873291015625,194.68080550669023,192.21548351570436,192.7402284005584,48291400.0,191.65112958635603,188.49605560302734,0.012790905206682468
2023-07-31,194.50259399414065,194.54220593555127,193.3243880114047,194.1164606567971,38824100.0,192.12071228027344,188.84060618082682,0.0062736458310957265
2023-08-01,193.67092895507807,194.77982161953312,193.3441984148306,194.2946886325988,35175100.0,192.63980320521765,189.1934076944987,0.007388895778912476
2023-08-02,190.6709442138672,193.24516118654293,189.94818497968632,193.1065496196106,50389300.0,192.61575971330916,189.4432388305664,0.017073352578414015
2023-08-03,189.27491760253903,190.46301890335675,188.79968010371752,189.67096144116343,61235200.0,192.26922825404577,189.68118896484376,0.008769601772463245
2023-08-04,180.1859436035156,185.52251207833032,180.11663025996506,183.68094960257173,115956800.0,190.49980817522322,189.5158452351888,0.029430824644917728
2023-08-07,177.07705688476562,181.31462781819695,175.5919264611557,180.32454086912367,97576100.0,188.46730259486608,189.25743255615234,0.031735565938275034
2023-08-08,178.0176239013672,178.48296594319257,175.81962982094473,177.9087137403543,67823000.0,186.2000013078962,189.0769063313802,0.014970239884566867
2023-08-09,176.42361450195312,179.13644336005612,175.25530392276485,179.07704055404358,60378500.0,183.61728995186942,188.75116882324218,0.021673015285954427
2023-08-10,176.20578002929688,178.95822060931928,175.8394526832055,177.70080592181807,54686900.0,181.1222686767578,188.37889709472657,0.017550668439207422
2023-08-11,176.26527404785156,177.08815781935616,175.03591791571532,175.7993186650753,52036700.0,179.06431579589844,187.99738667805988,0.011673764831538801
2023-08-14,177.92095947265625,178.14898275911253,175.78938877461678,176.44373225185288,43675600.0,177.44232177734375,187.5265126546224,0.01337306774449602
2023-08-15,175.9281768798828,177.94076628789648,175.53161335110406,177.34592099472832,43622600.0,176.83406938825334,187.03904673258464,0.013584484623494875
2023-08-16,175.0557403564453,177.00883168990967,174.98633341606396,175.61093536777827,46964900.0,176.5453098842076,186.5597930908203,0.011516926719910907
2023-08-17,172.5077667236328,175.9876593304517,171.9922220355352,175.62083731111454,66062900.0,175.75818743024553,185.97976633707682,0.022750360128613423
2023-08-18,172.9935760498047,173.59834528388794,170.48527458580276,170.82235510894964,61172200.0,175.26818193708147,185.4532262166341,0.018224023993227822
2023-08-21,174.33200073242188,174.61952217759173,172.25001931121287,173.56861510861043,46311900.0,175.00049918038505,185.03961639404298,0.013651678126809686
2023-08-22,175.71006774902344,176.15620551446153,174.73847648439144,175.5415274877659,42038900.0,174.92118399483817,184.6894332885742,0.008076317042238898
2023-08-23,179.56671142578125,179.99303161559698,176.80064510070915,176.9890180826326,52722800.0,175.15629141671317,184.4120300292969,0.018037201118305365
2023-08-24,174.86737060546875,179.54689311295104,174.50053343712446,179.12057292485625,54945800.0,175.00474766322546,183.95257008870442,0.028172976411501332
2023-08-25,177.0782470703125,177.6136093916348,174.31218067560857,175.85879974601767,51449600.0,175.2936771937779,183.56185557047527,0.018773178941254534
2023-08-28,178.6446990966797,179.04126265908485,177.0187642861302,178.5455506421133,43820700.0,176.1703818184989,183.11444702148438,0.011327632448308202
2023-08-29,182.54098510742188,183.31429463018617,177.96061099136716,178.15889276911415,53003900.0,177.5342973981585,182.8054951985677,0.03005005001775094
2023-08-30,186.0407257080078,186.23902262970705,183.1556930836303,183.3539748773984,60813900.0,179.20697239467077,182.56798706054687,0.016816267812783746
2023-08-31,186.25881958007807,187.4980995637172,185.8721648302999,186.2290780707052,60794500.0,180.71393694196428,182.40276387532552,0.008730831673880599
2023-09-01,187.83518981933597,188.2912363685708,186.66530168187228,187.86493132785435,45766500.0,181.89514814104353,182.32936045328776,0.008654806808307389
2023-09-05,188.07310485839844,188.35070233138785,186.0010326036107,186.66528478025867,45280000.0,183.78168160574776,182.23715565999348,0.012587609584412938
2023-09-06,181.34136962890625,187.23043067946264,179.91371663144653,186.7842777718091,81755800.0,184.3906991141183,181.8918467203776,0.039172001708595645
2023-09-07,176.0372314453125,176.68166607969957,172.0517029915355,173.6776376395152,112488800.0,184.01820373535156,181.34069163004557,0.02665837209148364
2023-09-08,176.6519012451172,178.6942471635063,176.265246533602,176.82045661878996,65551300.0,183.1769060407366,180.8522684733073,0.013737101896196409
2023-09-11,177.82179260253906,178.75373349578624,175.8191120741523,178.52571023294755,58953100.0,182.00277273995536,180.31670379638672,0.016438088484872777
2023-09-12,174.78805541992188,178.58521118121962,173.32075212571604,177.95070042200115,90370200.0,180.36409214564733,179.65955251057943,0.029583806318374577
2023-09-13,172.71597290039062,175.77946927367296,172.48793449989455,174.99623588192003,84267900.0,178.20420401436942,178.96105397542317,0.018809174707045673
2023-09-14,174.23284912109375,174.58976234555206,172.09136977434392,172.50776601489048,60895800.0,176.2270246233259,178.41311747233073,0.014482783175062897
2023-09-15,173.5091094970703,174.98633670911127,172.32932763975032,174.9665039932106,109259500.0,175.1081303187779,177.88759053548176,0.015185815620251836
2023-09-18,176.4437255859375,177.84163701778533,174.659159409954,174.9664984209427,67257600.0,175.16620091029577,177.76284993489583,0.01818906840196795
2023-09-19,177.5343017578125,178.08949677364237,175.61093679016653,175.99759154247158,51826900.0,175.2922581263951,177.77809143066406,0.014082919895399303
2023-09-20,173.98500061035156,178.1588871164402,173.89576095445636,177.72265814247962,58436200.0,174.744144984654,177.64367065429687,0.023987521943128462
2023-09-21,172.43833923339844,174.7880239939856,172.368947431924,173.05303229407238,63149100.0,174.4084712437221,177.51082814534504,0.01397881637780736
2023-09-22,173.29098510742188,175.56135441857745,172.55734106823024,173.17201907467273,56725400.0,174.49061584472656,177.41366831461588,0.017346990387932477
2023-09-25,174.56996154785156,175.45232841298602,172.65650512224192,172.70607935402217,46172700.0,174.53877476283483,177.3571578979492,0.016188331651099945
2023-09-26,170.48526000976562,173.6974637546494,170.18782981503577,173.32073296072448,64588900.0,174.10679626464844,177.1093012491862,0.020249360129401976
2023-09-27,168.96839904785156,171.55601650720317,167.60024410157126,171.1396202080804,66921800.0,173.0388924734933,176.87730865478517,0.023114299312001933
2023-09-28,169.22616577148438,170.55467030699108,166.18248681585104,167.88773731405627,56294400.0,171.85201590401786,176.68298950195313,0.02604230398889289
2023-09-29,169.74171447753906,171.58576377459906,168.87916528625075,170.5447655196905,51861100.0,171.24583217075892,176.59078776041667,0.015870311118026142
2023-10-02,172.25991821289062,172.8052044328195,169.46409530048962,169.75161672914737,52164500.0,171.22034345354353,176.5663324991862,0.01968234056740025
2023-10-03,170.9214630126953,172.14092522120978,169.35502666679727,170.7826642809856,49594600.0,170.881840297154,176.45264790852863,0.016312537142698064
2023-10-04,172.17066955566406,172.7159556991738,169.50373697662062,169.6227029977764,53020300.0,170.5390842982701,176.33466796875,0.018937433879916993
2023-10-05,173.4099884033203,173.94535074695764,171.19910182632682,172.299583153516,48527900.0,170.95690264020647,176.1294438680013,0.01593880188429683
2023-10-06,175.9678497314453,176.46356172729125,171.69479961979252,172.30949278163357,57266700.0,171.95682416643416,176.16612650553387,0.02767556232982558
2023-10-09,177.45498657226562,177.51446959158443,174.2923416030924,175.29367439346143,42390800.0,173.1323699951172,176.1786844889323,0.018381313527946714
2023-10-10,176.860107421875,178.17870301308767,176.4238784890915,176.5726011495921,43698000.0,174.14928327287947,176.11919809977215,0.009938260594062904
2023-10-11,178.25802612304688,178.30760034526705,176.07689649671707,176.67174177957318,47551100.0,175.00615583147322,175.97643280029297,0.012626262842493203
2023-10-12,179.1602325439453,180.77624333047945,177.50454119898205,178.52572180730996,56743100.0,176.18312290736608,175.74708302815756,0.018326222677473178
2023-10-13,177.31617736816406,180.3697497847248,176.61225971587282,179.8641290223829,51427100.0,176.91819545200892,175.4489949544271,0.020890713947662037
2023-10-16,177.18728637695312,177.5441995976702,174.99623283045386,175.23418002024147,52517000.0,177.4578094482422,175.09406483968098,0.01454035261227016
2023-10-17,175.63076782226562,176.8898806260753,173.30093033620963,175.13505578762425,57549400.0,177.40965488978796,174.6793202718099,0.020492472359261805
2023-10-18,174.33200073242188,176.0570840196497,173.60826541418712,174.07423592634754,54764400.0,176.96351405552454,174.44567464192707,0.014067668270557256
2023-10-19,173.9552459716797,176.31482459139443,173.68755728005698,174.53025852712355,59302900.0,176.5485338483538,174.37627512613932,0.015053362858161053
2023-10-20,171.39736938476562,173.9155794449356,171.15942220172326,173.80652221036553,64244000.0,175.56844002859933,174.2011240641276,0.01585761689585177
2023-10-23,171.51634216308594,172.51767489960218,168.4726633962427,169.4442697526279,55980100.0,174.47645568847656,173.9909423828125,0.02387222364772094
2023-10-24,171.95254516601562,172.1805684027024,169.97960637088667,171.56589049166564,43816600.0,173.71022251674108,173.89642537434895,0.012828669064161323
2023-10-25,169.63265991210938,171.57584256593557,169.18650699014253,170.4059694558874,57157000.0,172.63099016462053,173.79364827473958,0.014021431194120007
2023-10-26,165.45872497558594,169.91022348807488,164.24918667380368,168.90887572221487,70625300.0,171.17784118652344,173.5011774698893,0.03351533061874889
2023-10-27,166.77734375,167.5110029440003,165.39926501775972,165.47858075180807,58499100.0,170.0986044747489,173.27678527832032,0.012761397376303675
2023-10-30,168.82957458496094,169.70203248533966,167.42175441803172,167.57047708446643,51131000.0,169.36636570521765,173.02298024495443,0.013607874769960367
2023-10-31,169.3054656982422,169.43434051981868,166.4600687836398,167.89764555846892,44846000.0,169.06752232142858,172.74868570963542,0.017714791212739864
2023-11-01,172.47802734375,172.73579212701503,168.66103905073186,169.5334969755198,56934900.0,169.2049059186663,172.69845326741537,0.02403509128860568
2023-11-02,176.0471649169922,176.25535548295753,173.95525969593038,174.01474271477764,77334800.0,169.78985159737724,172.8187474568685,0.013217821381934084
2023-11-03,175.13504028320312,175.30359567263832,171.8633532465518,172.74571998498175,79829200.0,170.5759059361049,172.88021596272787,0.019915066065808187
2023-11-06,177.69293212890625,177.89121391765332,174.6988423245846,174.86738260141615,63841300.0,172.32364981515067,172.98431498209635,0.01825595800415932
2023-11-07,180.26071166992188,180.87538968418903,177.4351473327296,177.64333789269085,70530000.0,174.24984523228235,173.31016337076824,0.01936600827404843
2023-11-08,181.32151794433597,181.8767129123944,180.0326638382413,180.7861556902591,49340300.0,176.03440856933594,173.72193400065103,0.010200167524511744
2023-11-09,180.84564208984372,182.54096853276508,180.2507816826859,181.3909282750837,53763500.0,177.6830051967076,174.1092498779297,0.012625696730577713
2023-11-10,185.04489135742188,185.2136688107188,182.19576071339824,182.632564397052,66133400.0,179.478271484375,174.61935577392578,0.0165244796692416
2023-11-13,183.45654296875,184.67759686655455,182.8708357894957,184.46913200851657,43627500.0,180.53675406319755,174.9925765991211,0.009794381625731569
2023-11-14,186.0773468017578,186.7424742026089,184.9456350058848,186.33545119454976,60108400.0,182.09994070870536,175.49777272542318,0.009643034565913219
2023-11-15,186.6431884765625,188.12236184083608,186.414864785386,186.4843631662735,53790500.0,183.37854875837053,175.98019002278645,0.009156247882980136
2023-11-16,188.3308563232422,189.57176909575145,187.2785495679511,188.1918746986356,54412900.0,184.53142656598772,176.47755228678386,0.01218553952699942
2023-11-17,188.31097412109372,188.99596031021716,187.1991212621452,188.8669005505681,50922700.0,185.52992030552454,176.8889897664388,0.009513784802069386
2023-11-20,190.0581817626953,190.51484429092645,188.4996033239707,188.50952517211448,46505100.0,186.8459974016462,177.30909627278646,0.01069039331097878
2023-11-21,189.25408935546875,190.1276968001721,188.36063821273925,190.0184958695842,38134500.0,187.4473114013672,177.72222900390625,0.00929940308887421
2023-11-22,189.9192047119141,191.52742272571237,189.44269847594796,190.09790401781396,39617700.0,188.37054879324776,178.11093495686848,0.010966581985927882
2023-11-24,188.5889434814453,189.5121752287953,187.874176578012,189.4823945368072,24048300.0,188.7293483189174,178.42522532145182,0.008644595476996175
2023-11-27,188.4102478027344,189.28385517880056,187.52671857843467,188.5393075690696,40552600.0,188.9817853655134,178.79502766927084,0.00931973614956757
2023-11-28,189.01580810546875,189.690872461515,188.023077989058,188.4003202806091,38415400.0,189.0796356201172,179.189311726888,0.00885239722508394
2023-11-29,187.9932861328125,190.693513100917,187.5962001689742,189.51216190888897,43014200.0,189.0342516217913,179.6013956705729,0.016343610355898236
2023-11-30,188.56907653808597,188.93639696992796,186.82187704243876,188.4598756228668,48794400.0,188.82152230398995,180.07596486409506,0.011220000652662175
2023-12-01,189.8497314453125,190.1673972366818,187.8543340219423,188.94634331572007,45704800.0,188.90661403111048,180.60578104654948,0.012241905157563697
2023-12-04,188.0528717041016,188.6683747194466,186.08727017888344,188.5988763355123,43389500.0,188.63999502999442,181.160964457194,0.0136856835560963
2023-12-05,192.0138397216797,192.986710905306,188.79738898570997,188.8271848225055,66628400.0,189.12926592145647,181.8442143758138,0.022186010576464056
2023-12-06,190.9218597412109,193.3441084564195,190.71337975554792,193.03636454966008,41089700.0,189.48806762695312,182.47652486165364,0.013628150877213587
2023-12-07,192.8576812744141,193.5823700079149,192.18261692775607,192.22233461466143,47477700.0,190.03690665108817,183.25069224039714,0.007281948182373535
2023-12-08,194.2872009277344,194.56516412443645,192.26202318278132,192.78816888710017,53406400.0,190.93603733607702,184.21164143880208,0.011946484864451852
2023-12-11,191.7755889892578,192.08334803730577,190.0283895071003,191.70610576075973,60943700.0,191.39411054338728,185.04491628011067,0.01071931706113719
2023-12-12,193.2944793701172,193.30440121762783,190.32621099568144,191.67632450221151,52696900.0,191.88621738978796,185.86041310628255,0.0155376008470573
2023-12-13,196.52085876464844,196.56056130389416,193.43346752411227,193.6717130553052,70404200.0,193.09592982700892,186.76759287516276,0.016146362989462017
2023-12-14,196.66976928710935,198.16878635020208,194.7339485373248,196.58042720970235,66831600.0,193.7610626220703,187.57398427327473,0.01747293899821044
2023-12-15,196.1337127685547,196.9576655039482,195.56784928391744,196.09399507777627,128538400.0,194.50561305454798,188.24353586832683,0.007087500152564657
2023-12-18,194.46588134765625,195.20050700939825,192.97678633039985,194.66442432038556,55751900.0,194.735355922154,188.8878972371419,0.01142335425058729
2023-12-19,195.50827026367188,195.5181921115413,194.46590061872467,194.73394198979324,40714100.0,194.9097943987165,189.48174184163412,0.005403739492275006
2023-12-20,193.4136199951172,196.2428918785589,193.4136199951172,195.4685635611656,52242800.0,195.143798828125,189.92017211914063,0.014474306414782602
2023-12-21,193.26467895507807,195.647240164928,192.09326476649224,194.67436895686495,46482500.0,195.13954162597656,190.31827748616536,0.018256000610040457
2023-12-22,192.19256591796875,193.9894050921648,191.56714106698067,193.76106624785663,37149600.0,194.5212140764509,190.6965082804362,0.012501293846543925
2023-12-26,191.6465606689453,192.48045036895263,191.42815882163003,192.20248713561688,28919300.0,193.8036128452846,190.91656392415365,0.005474911188740789
2023-12-27,191.74581909179688,192.09328069742187,189.7007974418798,191.0906287165201,48087700.0,193.17677089146204,191.1928731282552,0.012520149583532281
2023-12-28,192.17269897460935,193.24484932489415,191.76567598880632,192.72862541967717,34049900.0,192.84917340959822,191.39605153401692,0.007674902121399165
2023-12-29,191.1303253173828,192.98672576072192,190.3361382062477,192.4903607097449,42672100.0,192.22375270298548,191.54562276204427,0.013769975518259949
2024-01-02,184.2904052734375,187.07005243391947,182.55312769161856,185.78942219080653,82488700.0,190.9204363141741,191.41094106038412,0.024312066257798113
2024-01-03,182.9105224609375,184.5286773848404,182.0964765011294,182.88074176951616,58414500.0,189.44127110072546,191.23092600504557,0.013299382210382203
2024-01-04,180.5875244140625,181.7589385851153,179.56501368920854,180.82576992798064,71983600.0,187.78340802873885,190.9152374267578,0.012132811030090148
2024-01-05,179.8628387451172,181.43135417752765,178.86018676112266,180.66696287937032,62379700.0,186.10001918247767,190.6021957397461,0.01423153063198242
2024-01-08,184.2109832763672,184.2507009606552,180.18050174905397,180.76620883550703,59144500.0,185.02361406598772,190.41192169189452,0.02251637204664178
2024-01-09,183.79405212402344,183.80397397190293,181.40156892129536,182.58292017691045,42841800.0,183.826664515904,190.25209197998046,0.013157884912125418
2024-01-10,184.83642578125,185.0448906262594,182.58292413922769,183.00980597306068,46792900.0,182.9275360107422,190.13296457926432,0.01345264792747831
2024-01-11,184.24078369140625,185.69017636593316,182.28510409693845,185.1838742981323,49128400.0,182.92044721330916,189.9737970987956,0.01838752041396859
2024-01-12,184.56838989257807,185.38243589635252,183.8437011157532,184.70737150933715,40477800.0,183.15728541782923,189.85963389078776,0.008330662539483663
2024-01-16,182.2950439453125,182.9204536449405,179.61466039771227,180.83572939974707,65603000.0,183.4012167794364,189.65049947102864,0.018280642095459963
2024-01-17,181.3519287109375,181.6001112377356,178.98924135636386,179.95219077216925,47317400.0,183.61394391741072,189.36723937988282,0.014508686280331346
2024-01-18,187.25868225097656,187.76496914507203,184.47903496158256,184.73713933247967,78005800.0,184.04932948521204,189.34076639811198,0.017787079497726937
2024-01-19,190.16737365722656,190.55453778649465,187.4473029046773,187.9535897974558,68903000.0,184.95980398995536,189.2792175292969,0.016531926233310085
2024-01-22,192.48043823242188,193.90997199821769,190.86228332421425,190.9020010109637,60133900.0,186.0518057686942,189.33117014567057,0.015964676419648462
2024-01-23,193.76107788085935,194.32694137960476,192.4209011669581,193.602252557368,42355600.0,187.4118477957589,189.3612833658854,0.009845134483039536
2024-01-24,193.08599853515625,194.9523359132993,192.92715808853583,193.99930838143555,53631300.0,188.62864903041296,189.3212432861328,0.010439098168234792
2024-01-25,192.75840759277344,194.84314692565724,191.70611607825748,193.80077725921532,54822100.0,190.12341526576452,189.35400390625,0.016186884757453106
2024-01-26,191.0211181640625,193.3441028913112,190.54461197208147,192.85767485186383,44594000.0,191.50472804478235,189.27822519938152,0.01451583879863763
2024-01-29,190.33615112304688,190.80273551445788,188.20178731814485,190.6141143586287,47145600.0,191.94436645507812,189.0720682779948,0.013645097610240462
2024-01-30,186.6729736328125,190.40564874926812,186.10712531543376,189.55190020112775,55859400.0,191.4451664515904,188.73884175618488,0.02267729012092904
2024-01-31,183.05943298339844,185.7398164976455,183.00980859435376,185.6802399646441,55467800.0,190.09930855887276,188.30303243001302,0.0147027379101383
2024-02-01,185.5015563964844,185.59089847447947,182.483663406168,182.6524257138898,64885400.0,188.91937691824776,188.00422159830728,0.017011737217104902
2024-02-02,184.4989013671875,185.96813772334343,177.9468764270477,178.55244241438749,102551700.0,187.6926487513951,187.63724263509116,0.04492383967327569
2024-02-05,186.31558227539065,187.87417583998956,184.48896248395175,186.782166645184,69668800.0,186.77224513462616,187.40064137776693,0.0181238574155125
2024-02-06,187.9238128662109,187.9337347140823,185.4122068995574,185.50154897397763,43490800.0,186.32977294921875,187.222612508138,0.013593028351901463
2024-02-07,188.0330047607422,189.66108145721643,187.2388176812248,189.2540584961332,53439000.0,186.00075204031808,187.0839604695638,0.012799005713481854
2024-02-08,186.9509429931641,188.16205980044836,185.98799356738817,188.0131563419714,40962000.0,186.04046194893976,186.92743988037108,0.011563372879639577
2024-02-09,187.71630859375,188.8494643803939,186.8714052160575,187.5174970927484,45155200.0,186.7057298932757,186.79312286376953,0.010548664498001637
2024-02-12,186.02651977539065,187.53739935899367,185.66868027314752,187.288900125969,41781900.0,186.78072466169084,186.58825022379557,0.009977735384153927
2024-02-13,183.9291839599609,185.09217370700773,182.4083698811328,184.6548126341336,56529500.0,186.6993364606585,186.34821217854818,0.014534166684257947
2024-02-14,183.0445251464844,184.41624573755996,181.34479892181088,184.20751487981576,54630500.0,186.23204258510046,186.3066828409831,0.016673841008891615
2024-02-15,182.7562713623047,183.3824942652778,180.26134459364147,182.44813474883824,65434500.0,185.4938223702567,186.30154113769532,0.01710705168859623
2024-02-16,181.21556091308597,183.7403213725013,180.5794035441413,182.31889800876044,49752500.0,184.5199018205915,186.32247568766277,0.017337302182509597
2024-02-20,180.47006225585935,181.33483464555084,178.91942962585208,180.69867728023533,53665600.0,183.59406171526228,186.34271647135418,0.013367032100367023
2024-02-21,181.2255096435547,181.7920799507102,179.57547126273693,180.84778599399235,41371400.0,182.66680472237724,186.24320068359376,0.012256764304799935
2024-02-22,183.26319885253903,183.84966853541167,181.36467634977905,182.37854224114136,52292200.0,182.2720445905413,186.22550557454426,0.01362546358302918
2024-02-23,181.42433166503903,183.929193115328,181.1360640493915,183.8993744195286,45119700.0,181.9142085484096,186.1117691040039,0.015188355451196553
2024-02-26,180.07247924804688,181.66286516303876,179.56553112991756,181.1459977034405,40867400.0,181.48963056291853,185.9728256225586,0.01157814171834372
2024-02-27,181.5336456298828,182.81589486499632,178.48206808634893,180.01283169575817,54318900.0,181.3149697440011,185.87166748046874,0.024075099190551286
2024-02-28,180.33091735839844,182.0207090697704,179.0486680197237,181.4143703487687,48953900.0,181.18859209333147,185.8061965942383,0.016382610949358403
2024-02-29,179.66493225097656,181.47401381447332,178.45225486971108,180.18181486443112,136682600.0,181.07357352120536,185.74996337890624,0.016770609992111652
2024-03-01,178.58148193359375,179.44625436004063,176.31517027538305,178.47214167082092,73563100.0,180.69585527692522,185.46072336832682,0.017543825357531895
2024-03-04,174.04885864257812,175.838040881393,172.74670999766127,175.09254322615726,81510100.0,179.3795209612165,184.9234395345052,0.017655411400009362
2024-03-05,169.09873962402344,171.00721175997333,168.60174119797853,169.73489700267342,95132400.0,177.61872209821428,184.14404958089193,0.014171926954755311
2024-03-06,168.10475158691406,170.2120353375331,167.6673905223103,170.03310800783655,68587700.0,175.90904671805245,183.2888387044271,0.014965584320822492
2024-03-07,167.98545837402344,169.7050685827557,167.47852546870348,168.13455182641533,71765100.0,173.97359139578683,182.45215403238933,0.01324262675259596
2024-03-08,169.705078125,172.6572499858552,167.92583043526673,167.9854678195768,76267000.0,172.4556143624442,181.68370971679687,0.02816564796944344
2024-03-11,171.71295166015625,173.33317133974063,171.01715691552084,171.90181348381185,60139500.0,171.31961713518416,181.04010416666668,0.013472891165501802
2024-03-12,172.1900634765625,172.98526395951052,169.98338934079592,172.11054191154895,59825400.0,170.40655735560827,180.43523457845052,0.017441549979299458
2024-03-13,170.10267639160156,172.15030736266894,169.73488726374302,171.7328305288075,52488700.0,169.84281703404017,179.8828913370768,0.014064987407988618
2024-03-14,171.96145629882812,173.26358975503445,171.0171623179081,171.87200022180366,72913500.0,170.25177655901228,179.5129587809245,0.013070351390728596
2024-03-15,171.58372497558594,171.58372497558594,169.2677105816515,170.14243263043366,121752700.0,170.74877275739397,179.04903106689454,0.013612209242153322
2024-03-18,172.6771240234375,176.64317668608956,172.47832769835546,174.5160241566181,75604200.0,171.41901070731026,178.65497182210285,0.023865137931382112
2024-03-19,175.02296447753906,175.54978158656556,171.99127109820583,173.29340452493878,55215200.0,172.17870875767298,178.27855122884114,0.0205345985215936
2024-03-20,177.59742736816406,177.59742736816406,174.0389165846836,174.66513949599232,53423100.0,173.01934814453125,177.93433837890626,0.020373331471573476
2024-03-21,170.3412322998047,176.42450322724187,169.81441519205438,175.98714219427453,106181300.0,172.75522940499442,177.34461263020833,0.03756006235893373
2024-03-22,171.24578857421875,172.0111704512642,169.0391141931604,170.7289059277682,71160100.0,172.9185311453683,176.82110748291015,0.017408043716751864
2024-03-25,169.82437133789062,170.90782428626645,168.43276661931924,169.54605342761408,54288300.0,172.6132332938058,176.2247095743815,0.014598143789904896
2024-03-26,168.69122314453125,170.39094937582044,168.5619986920605,168.97947557636294,57388400.0,172.20001874651228,175.64686635335286,0.010823507869944907
2024-03-27,172.26959228515625,172.55785986634996,169.08880538680637,169.3870074763491,60273300.0,172.1417999267578,175.25821329752605,0.020480050573111155
2024-03-28,170.4505615234375,171.19605909940955,169.4863834451387,170.7189448975998,65672700.0,171.4885995047433,174.83841451009116,0.010014563148198617
2024-04-01,169.00927734375,170.22195467216173,168.46257606173032,170.16231728997553,46240500.0,170.26172092982702,174.38018137613932,0.010339413792968245
2024-04-02,167.82643127441406,168.3234297194346,167.22009256480143,168.0649959882119,49329500.0,169.90246364048548,173.93387705485026,0.006564943212271096
2024-04-03,168.63156127929688,169.6553768320082,167.56799252573734,167.7767233727702,47691700.0,169.5290025983538,173.5392603556315,0.012441441603511651
2024-04-04,167.80654907226562,170.8879300889726,167.80654907226562,169.26771043200742,53704400.0,169.24074227469308,173.0919616699219,0.018204186781062028
2024-04-05,168.56198120117188,169.3671161921521,167.93575835610383,168.57191570910442,42104800.0,169.22227913992745,172.60192108154297,0.00849108126954134
2024-04-08,167.43878173828125,168.1842794442996,167.23005087422234,168.01530178433154,37425500.0,168.53216334751673,172.13573608398437,0.005679414672016712
2024-04-09,168.65145874023438,169.05900112515698,167.33939066831408,167.6872804964856,42373800.0,168.27514866420202,171.75503540039062,0.010254865197595832
2024-04-10,166.77279663085938,168.0749301271986,166.1068205360595,167.78667770328389,49709300.0,167.95565141950334,171.26300710042318,0.011729832297052375
2024-04-11,173.98919677734375,174.40668878905643,167.15050896636146,167.32942111379162,91070300.0,168.83604649135046,171.051616414388,0.04336463829490238
2024-04-12,175.49017333984375,177.28930548264634,173.16422400054728,173.2139117167825,101670900.0,169.81584821428572,170.91245778401694,0.02381495482212696
2024-04-15,171.6533203125,175.56967037066977,171.46445848220424,174.30729011068368,73531800.0,170.36538696289062,170.6815190633138,0.023551578857423334
2024-04-16,168.36318969726562,172.71688554496447,167.2598525976239,170.71895735574867,73711200.0,170.3369881766183,170.49199676513672,0.031965008642649194
2024-04-17,166.99147033691406,169.62555591523414,166.99147033691406,168.59180586766368,50901200.0,170.27308654785156,170.4217544555664,0.015624042727128213
2024-04-18,166.0372314453125,167.62763251332663,165.55018268321453,167.02129381245496,43122900.0,169.89962550571985,170.35283711751302,0.012438233369481801
2024-04-19,164.00949096679688,165.40108058085156,163.09501562510533,165.21223390744998,68149400.0,169.50486755371094,170.22030487060547,0.013958197290874077
2024-04-22,164.84442138671875,166.25589498596477,163.7808527253039,164.52635030592455,48116400.0,168.19847106933594,170.05828297932942,0.015043439887037628
2024-04-23,165.89805603027344,166.04716464714997,163.9299466584378,164.35737315952596,49537800.0,166.82816859654017,169.864453125,0.012881795005674464
2024-04-24,168.00537109375,168.28368903028098,165.2122420517991,165.54024770277562,48251800.0,166.3070329938616,169.72496337890624,0.01855407987546689
2024-04-25,168.87013244628906,169.58581142644354,167.14057238305094,168.51229295621184,50558300.0,166.37945338657923,169.68387858072916,0.014510745777033625
2024-04-26,168.28366088867188,170.31140768247312,168.16437095925713,168.86018085141623,44838400.0,166.56405203683036,169.56128540039063,0.012714878738079848
2024-04-29,172.4584503173828,174.97326108846298,172.06085765153782,172.3292258757486,68169400.0,167.4813690185547,169.59044291178387,0.016900229326307296
2024-04-30,169.3074951171875,173.93952434742974,168.97947431756717,172.2894858404387,65934800.0,168.23822675432478,169.47812194824218,0.02878904656118244
2024-05-01,168.28366088867188,171.67319360904702,168.0947990703537,168.56197877866052,50383100.0,168.72954668317522,169.25347849527995,0.021228954267273538
2024-05-02,171.99127197265625,172.37893013348045,169.8641193422282,171.4743893691613,94214900.0,169.60000610351562,169.066606648763,0.014665809865274958
2024-05-03,182.27914428710935,185.8774079729792,181.56346535319665,185.52950301417596,163224100.0,171.63911655970983,169.46453704833985,0.023252057218376376
2024-05-06,180.61917114257807,183.09421354898845,179.33690673477625,181.2553285088154,78569700.0,173.3175506591797,169.77698313395183,0.020729359214559376
2024-05-07,181.30502319335935,183.79001537072008,180.23151991986552,182.34872294128857,77305800.0,175.17774527413505,170.1596715291341,0.0195147813127285
2024-05-08,181.6429901123047,181.97101089337852,180.36072568018065,181.75233037266264,45057100.0,176.4898223876953,170.59139709472657,0.00885977753295466
2024-05-09,183.4620056152344,183.55146169147775,181.0167666942637,181.46406224266897,48983000.0,178.51189531598772,170.9644775390625,0.013968027420351912
2024-05-10,182.1979217529297,184.22841905381327,181.2822060927068,184.039301056681,50759500.0,180.49964686802454,171.3560562133789,0.016008607640816342
2024-05-13,185.41287231445312,186.22906253508128,183.76059590764,184.57678612826817,72044800.0,182.4170183454241,171.90284271240233,0.013373656997829938
2024-05-14,186.55751037597656,187.4234708736874,185.42281765723527,186.63713980035,52393600.0,183.02821350097656,172.52721201578777,0.0107194806917437
2024-05-15,188.83688354492188,189.76254724660947,186.4978163614719,187.0353112489616,70400000.0,184.2021724155971,173.20072275797526,0.017455157870119524
2024-05-16,188.956298828125,190.21044329921963,188.77714401097435,189.58337106367236,52845200.0,185.2952117919922,173.9057144165039,0.007560258477331857
2024-05-17,188.98617553710935,189.9218023921439,188.2993849653176,188.62785068172937,41282900.0,186.34423828125,174.58652089436848,0.008601155242784214
2024-05-20,190.15072631835935,191.02663488992152,188.1301769262196,188.44869465688268,44361300.0,187.29976981026783,175.3435857137044,0.01537000810207593
2024-05-21,191.4546356201172,191.83285642957057,190.0312842327525,190.2004910768324,42309400.0,188.62215750558033,176.10369160970052,0.009471963960862242
2024-05-22,190.0113677978516,191.9224436975809,189.38431073139583,191.3750008715001,34648500.0,189.27908543178015,176.87831064860026,0.013262615047036914
2024-05-23,186.01010131835935,190.11091836221465,185.76126503778056,190.0910072071952,51005900.0,189.20088413783478,177.2790074666341,0.02288195211514165
2024-05-24,189.0956573486328,189.6928704821682,187.16468542966413,187.94106857836448,36327000.0,189.2378518240792,177.7325236002604,0.01345200956676426
2024-05-28,189.1056060791016,192.1015891258543,188.219749617586,190.61851957640835,52280100.0,189.2591814313616,178.31426645914715,0.020364440542789446
2024-05-29,189.4042205810547,191.35510374397245,188.6278525845266,188.7273931739324,53068000.0,189.31890215192522,179.01563415527343,0.014450743549095651
2024-05-30,190.39956665039065,191.2854232244703,189.7426503955058,189.8720349370489,49889100.0,189.35445077078685,179.79590403238933,0.008125329406597449
2024-05-31,191.3551025390625,191.67362027294612,189.02599856414395,190.5488754083416,75158300.0,189.34023175920763,180.63983306884765,0.013894711806240726
2024-06-03,193.12680053710935,194.0823384761381,191.62383496596823,192.0020557606219,50080500.0,189.78529357910156,181.61041005452475,0.012804568682509294
2024-06-04,193.44532775878903,194.41081372828987,192.13146492648488,193.73397115741048,47471400.0,190.84746878487724,182.56377360026042,0.011765354254535957
2024-06-05,194.95823669433597,195.9834409155792,193.9628916105844,194.49042328995185,54156800.0,191.68498011997767,183.5324462890625,0.01038893982961058
2024-06-06,193.57470703125,195.58530834672567,193.2661524862918,194.77908126144504,41181800.0,192.32342311314173,184.38475748697917,0.01190659615711484
2024-06-07,195.97349548339844,196.02326577578603,193.23629646745044,193.7439169991778,53103900.0,193.2618909563337,185.28820292154947,0.014384809347833165
2024-06-10,192.22103881835935,196.3815891899795,191.25555286655265,195.98344204153503,97010200.0,193.5221012660435,186.08611551920572,0.026155456144812947
2024-06-11,206.1857147216797,206.1956778920413,192.7286609927464,192.74855695795011,172373300.0,195.6407601492745,187.21035766601562,0.06986831503092833
2024-06-12,212.07818603515625,219.17498621319095,205.9368934525013,206.40470686074585,198134300.0,198.34810093470983,188.63604736328125,0.06413658371473543
2024-06-13,213.24273681640625,215.7410475161272,210.61502639534652,213.74040935969603,97862700.0,201.17630222865515,190.13468322753906,0.023982461417271273
2024-06-14,211.5008850097656,214.16840257809503,210.31642191496232,212.8545549484321,70122700.0,203.53953770228796,191.45167032877603,0.018096773470814
2024-06-17,215.6614227294922,217.9308083607288,211.72981259041407,212.37678083551464,93728300.0,206.69478280203683,192.56441294352214,0.029198087219889597
2024-06-18,213.29248046875,217.6122894552709,212.008492058615,216.5771221156608,79943300.0,209.1689235142299,193.65352325439454,0.02587437371923
2024-06-20,208.7039337158203,213.242719704114,207.87781072548336,212.93414999431735,86172500.0,211.52362278529577,194.5668202718099,0.025195155303993338
2024-06-21,206.524169921875,210.9036824915187,206.14593390610847,209.41066477171813,241805100.0,211.5719735281808,195.3961929321289,0.022719705276695135
2024-06-24,207.17112731933597,211.70989851928564,205.6283393856244,206.7530842022628,80727000.0,210.87096514020647,196.1864969889323,0.029414599337786732
2024-06-25,208.0968017578125,210.3960464470149,207.6389363414956,208.1764159984445,55549700.0,210.13583156040735,197.04979298909504,0.01324410400811158
2024-06-26,212.25733947753903,213.8598456726642,209.65948819693892,210.51548557795783,66213200.0,210.243896484375,197.94460856119792,0.01995272444776894
2024-06-27,213.1033935546875,214.7357589232,211.36153961685807,213.69064352295015,49772700.0,209.8784637451172,198.8294713338216,0.015790206116252068
2024-06-28,209.6395721435547,215.0642148828325,209.3210696212814,214.76560832661605,82542700.0,209.35661969866072,199.52289428710938,0.026741456913422113
2024-07-01,215.74102783203125,216.4974845612192,210.9335096799559,211.1027165067048,60402900.0,210.36191885811942,200.41571858723958,0.026356718536526217
2024-07-02,219.2446746826172,219.35416325375093,214.09874221485333,215.1438424446849,58046200.0,212.17913382393974,201.42433522542316,0.024427475958317527
2024-07-03,220.5187225341797,220.5187225341797,218.0104484863841,218.97593450353423,37369800.0,214.085933140346,202.4366017659505,0.011454564874822408
2024-07-05,225.2863922119141,225.3958807735831,220.618221554563,220.618221554563,60412400.0,216.54158891950334,203.56432698567707,0.021655777955940397
2024-07-08,226.759521484375,226.78938062149984,222.21078721739227,226.03290864697604,59085900.0,218.6133292061942,204.78926544189454,0.02025631325772365
2024-07-09,227.6154937744141,228.33214340978847,225.3162491891544,226.8689850032124,48076100.0,220.68648638044084,206.17611185709634,0.013293550110392405
2024-07-10,231.8954925537109,231.9950331368443,228.1828596567971,228.23262994836375,62627700.0,223.86590358189173,207.60277303059897,0.016703016921417863
2024-07-11,226.5106964111328,231.30825199534104,224.7190721562944,230.3129068746265,64710600.0,225.40442766462053,208.849609375,0.028609685529406882
2024-07-12,229.46685791015625,231.55708874298097,227.6155153743793,227.8544036714271,53046500.0,226.86473955426897,210.18503061930338,0.017298649071911438
2024-07-15,233.3088836669922,236.12571210202407,232.00498402552307,235.3792032824568,62631300.0,228.69190543038505,211.61534118652344,0.01750676363517167
2024-07-16,233.7269287109375,235.17017597600105,231.2485141029904,233.90608352734432,43234300.0,229.89769635881697,213.0277353922526,0.016765967835771063
2024-07-17,227.8145904541016,230.38258262455565,225.58501197125685,228.38192926123955,57345900.0,230.04842049734933,214.18399505615236,0.021006787484534304
2024-07-18,223.13644409179688,229.3673137711516,221.2353466054131,229.20805491946456,66034600.0,229.40855625697546,215.17369893391927,0.03547854009142821
2024-07-19,223.26585388183597,225.74426861436035,222.24064965794977,223.77348959602472,49151500.0,228.1757507324219,216.1172861735026,0.01565698851430352
2024-07-22,222.91748046875,226.71969060050867,222.051519961604,225.9532706718539,48201800.0,227.66243416922435,217.09537862141926,0.020659894079091017
2024-07-23,223.9626007080078,225.8836246934572,221.6434447483752,223.32558043665784,39960300.0,226.8761117117746,218.02834879557292,0.018986539458629725
2024-07-24,217.522705078125,223.75357494115903,216.1192800710717,222.9572958470105,61777600.0,224.62094334193642,218.87173767089843,0.03424106325422001
2024-07-25,216.4776153564453,219.8219755631398,213.620964537798,217.9108995698048,51391200.0,222.1567557198661,219.2148010253906,0.028456635430277794
2024-07-26,216.94541931152344,218.4682960618276,215.0044842643322,217.6819649471348,41601300.0,220.60401698521204,219.37704213460287,0.015912258961538688
2024-07-29,217.2241058349609,218.27916914167437,214.7456912310278,215.95006540559837,36311800.0,219.75939723423548,219.50975443522137,0.016362476686496888
2024-07-30,217.7815093994141,219.3043861767773,215.1139766523736,218.1696933781976,41643800.0,218.97591945103235,219.71910858154297,0.019207111031410016
2024-07-31,221.04623413085935,222.77814001369308,219.6029868223781,220.40921389598267,50036300.0,218.70859854561942,219.8986022949219,0.014405718958797277
2024-08-01,217.3435516357422,223.43505864730557,216.0097928775357,223.3255700813178,62501000.0,217.76302010672433,220.03363800048828,0.03324861442004234
2024-08-02,218.83657836914065,224.54986481713928,216.69659243938972,218.12987665236412,105568600.0,217.95071629115515,220.37139282226562,0.03600273606840848
2024-08-05,208.2958526611328,212.5061577637865,195.08762024216463,198.16323265092015,119548600.0,216.78189304896765,220.43044891357422,0.08789994636545902
2024-08-06,206.26535034179688,209.01251239840332,200.13403637997632,204.34434168651265,69660500.0,215.25616891043526,220.40025634765624,0.04344860222284785
2024-08-07,208.8433074951172,212.64551772150756,205.42926604632788,205.93688655864332,63516400.0,214.0589120047433,220.42513987223307,0.03504108368232882
2024-08-08,212.3170623779297,213.2029189157903,207.85792055043288,212.1179963940502,47161100.0,213.27827671595983,220.42713063557943,0.025198231438260638
2024-08-09,215.23342895507807,215.77090862412464,210.9833011439981,211.1127008665185,42201600.0,212.44787597656247,220.49813181559244,0.022677969920690096
2024-08-12,216.7680206298828,218.7410807003227,214.84478845727688,215.3131433273048,38028100.0,212.36565726143974,220.73574676513672,0.0180959331271428
2024-08-13,220.4949493408203,221.11277276612057,218.2428558389481,218.2428558389481,44155300.0,212.60256740025108,220.8942108154297,0.013150107095786597
2024-08-14,220.9433441162109,222.24875291914373,218.9304156630747,219.7973785028084,41960600.0,214.40935189383367,220.95083312988282,0.015097255839321191
2024-08-15,223.93284606933597,224.56064415441705,221.97970491871703,223.813271274212,46414000.0,216.9332798549107,221.06463724772135,0.011531663073446143
2024-08-16,225.25819396972656,226.0354605653956,222.86659157853387,223.1356500786779,44340200.0,219.27826363699774,221.0636973063151,0.014201536086879785
2024-08-19,225.0987548828125,225.19841068626937,222.25873174304007,224.92935218120843,40687800.0,221.10421970912384,221.00833841959636,0.013069343394814125
2024-08-20,225.7165679931641,226.3742597731608,224.6602834282033,224.9791698204466,30299000.0,222.601811000279,220.94504089355468,0.007618377942835362
2024-08-21,225.60696411132807,227.18143154067607,224.26170199000447,225.7265541171402,34765500.0,223.86451721191406,220.73542327880858,0.012934807613092868
2024-08-22,223.74349975585935,227.54015139464096,223.11570169720304,226.9920749311584,43695300.0,224.32859584263392,220.64318339029947,0.019491648326399755
2024-08-23,226.04542541503903,227.42059644239848,223.5442228703079,224.86956599566977,38677300.0,225.05746459960938,220.52913564046224,0.017238320156517897
2024-08-26,226.38421630859372,226.4838721062008,223.10574735994535,225.96568932825608,30602200.0,225.40766034807478,220.2983133951823,0.014949724253703464
2024-08-27,227.2312469482422,228.04838192077383,224.1022464634546,225.2083589230157,35934600.0,225.6895250592913,220.0817906697591,0.017522153601182096
2024-08-28,225.6966552734375,229.05484595642545,224.88947977262964,227.12163896438045,38052200.0,225.77493940080916,220.01119283040364,0.01833980330006806
2024-08-29,228.98509216308597,232.1041333637585,228.07829123837303,229.29401907737392,51906300.0,226.2418714250837,220.20614776611328,0.017557554015514832
2024-08-30,228.1978454589844,229.5929353752877,226.68316554604095,229.3836794905121,52990800.0,226.61199733189173,220.37054748535155,0.012685165028783625
2024-09-03,221.98968505859372,228.1978583447122,220.39528345963856,227.74943764667492,50190600.0,226.36145237513952,220.3396209716797,0.03425946937870536
2024-09-04,220.076416015625,221.0031511270145,216.718210061432,220.8835763269232,43840200.0,225.50873674665178,220.2100814819336,0.019399093118813358
2024-09-05,221.6010589599609,224.69019125096705,220.7440707336114,220.853686037168,36615400.0,224.82542855398995,220.3460266113281,0.017867578251293193
2024-09-06,220.0465087890625,224.4510243839852,219.00018373655976,223.16553454066076,48423000.0,223.79903738839286,220.4649897257487,0.024425100670875808
2024-09-09,220.1362152099609,220.49495483479603,215.950929723779,220.04653410508757,67180000.0,223.0046888078962,220.57134958902995,0.020650291673519075
2024-09-10,219.3389892578125,220.70418549359823,215.97082401031443,218.15315521125123,51591000.0,221.62667410714286,220.641845703125,0.021697423897904175
2024-09-11,221.88006591796875,222.3085524071335,217.126770108234,220.6842723421212,44587100.0,220.72413417271204,220.7784642537435,0.023480523754163627
2024-09-12,221.98968505859372,222.76695165661573,219.0500213655269,221.7206265576352,37455600.0,220.72413417271204,220.8099126180013,0.01676402574174862
2024-09-13,221.7206115722656,223.2552104631355,221.1326819144566,222.7968302980212,36766600.0,220.95901925223214,220.95581461588543,0.009526744818764829
2024-09-16,215.5622711181641,216.45911247240772,213.17066883128115,215.78148650258865,59357400.0,220.0963352748326,220.84667104085287,0.015239693147109386
2024-09-17,216.03062438964844,216.14023969143096,213.7486524593369,214.9942739771652,45519300.0,219.52263750348772,221.10449676513673,0.011123957805257953
2024-09-18,219.9169464111328,221.92987480128497,216.77797143749865,216.7879461398693,59894900.0,219.49131338936942,221.5595499674479,0.023764713193335778
2024-09-19,228.0683135986328,229.01499812075548,223.84317512238368,224.20191472936156,66781300.0,220.73835972377233,222.20038350423178,0.023067702185393026
2024-09-20,227.40066528320312,232.27353613908105,226.82269506404828,229.164469641198,318679900.0,221.52701677594865,222.7031702677409,0.023785716361559593
2024-09-23,225.6767120361328,228.6462693022069,225.01902026418156,226.54365969576136,54146000.0,222.0537349155971,223.05127970377603,0.016011258240007993
2024-09-24,226.5735626220703,228.5466380182851,224.93930782860403,227.8490778167103,43556100.0,222.74701363699776,223.3781311035156,0.01583210353207109
2024-09-25,225.5770568847656,226.49383244586693,223.2352976856936,224.1420985437932,42308700.0,224.17769731794084,223.5475346883138,0.014537807851998236
2024-09-26,226.7230529785156,227.6996160019036,224.6204432247264,226.50382237250227,36636700.0,225.7051871163504,223.74019165039059,0.013594352381891724
2024-09-27,226.99208068847656,228.71603171782343,226.50380681299467,227.6597471643239,34026000.0,226.71592058454237,223.84216613769527,0.009717242210727676
2024-09-30,232.183837890625,232.183837890625,228.84556632808733,229.234199611622,54541900.0,227.30385262625555,224.07302093505857,0.014562711707910545
2024-10-01,225.41763305664065,228.8455705723828,222.9562838134916,228.7160362790288,63285000.0,227.02056230817522,224.08365020751953,0.02574933902626041
2024-10-02,225.98562622070312,226.573555899704,222.2388023482828,225.09874435066007,32880600.0,227.064692905971,224.09261881510417,0.019257120087122673
2024-10-03,224.8795166015625,226.01552277761735,222.53775735368689,224.3513743130228,34044200.0,226.82268633161272,224.06837056477863,0.015501422420877018
2024-10-04,226.0055694580078,227.20136306464835,223.3449237414969,227.1017072618697,37245100.0,226.88390241350447,224.1437728881836,0.016981111105010806
2024-10-07,220.9134826660156,224.89947175407843,220.5547430398763,223.71363756752507,39505400.0,226.05396379743303,223.9727081298828,0.01942093813074189
2024-10-08,224.9791717529297,225.1884276449642,222.4679946111341,223.5143196873273,31855700.0,225.7664053780692,223.92587331136065,0.012171180073096501
2024-10-09,228.7359771728516,228.9452482903661,224.04248353573132,224.4410763624789,33591100.0,225.2738538469587,223.9760309855143,0.02184432918471958
2024-10-10,228.2377014160156,228.6960967971132,226.3742566041183,226.98212047614996,28183500.0,225.67672075544084,224.06073252360022,0.010229176589434782
2024-10-11,226.75294494628903,228.60643037956845,226.54367384020583,228.4968150773993,31759200.0,225.78633771623885,223.98632761637367,0.00902750674517674
2024-10-14,230.48980712890625,230.91829362955485,227.79926770980504,227.89890830734765,39882100.0,226.58780779157365,224.0627263387044,0.013686006409225333
2024-10-15,233.03086853027344,236.65811760908664,231.5560417756155,232.7917037363273,64751400.0,227.59142194475447,224.43076578776038,0.02191691435554776
2024-10-16,230.96812438964844,231.30692979509985,229.0349173503749,230.7887621886474,34082200.0,229.02779933384485,224.79382273356117,0.009844554055313086
2024-10-17,231.3368225097656,233.0308799404877,229.71254238803704,232.6123377292532,32993800.0,229.93603515625,225.11834818522132,0.014265526862607791
2024-10-18,234.1768493652344,235.3527087996536,233.1903116322836,235.3527087996536,46431500.0,230.7133026123047,225.58935953776037,0.009187900060291125
2024-10-21,235.6516571044922,236.02037141360947,233.62876897482323,233.62876897482323,36254500.0,231.7724391392299,226.10654093424475,0.01023676343149317
2024-10-22,235.0338287353516,235.3925683333293,231.7852533575211,233.07072804715943,38846600.0,232.9554225376674,226.62970225016272,0.015477340316533895
2024-10-23,229.95169067382807,234.31635331873264,226.96219904424217,233.26006870913344,52287000.0,232.87854875837053,226.89875640869138,0.03152770345644039
2024-10-24,229.76235961914065,230.0114839114603,227.60992208421712,229.17441473320773,31109500.0,232.41161891392298,227.1578455607096,0.01047918822019874
2024-10-25,230.5994110107422,232.4030684340921,228.76585988907573,228.935262581316,38802300.0,232.35894557407923,227.45380554199218,0.015887498081360252
2024-10-28,232.5824432373047,233.9077863541258,231.7354297301684,232.5027368410313,36087100.0,232.5368913922991,228.02114461263017,0.00934335936631447
2024-10-29,232.85150146484372,233.50919327337172,231.5062393532264,232.2835059613629,35417200.0,232.3475559779576,228.5818405151367,0.00862288483142877
2024-10-30,229.29400634765625,232.6521969660621,228.74592985962587,231.79520878623467,47070900.0,231.43932015555245,228.89440917968747,0.016852234034046152
2024-10-31,225.11868286132807,229.02495000446748,224.5805658660821,228.5366609095724,64370100.0,230.02287074497767,228.79608815511065,0.019447138680931075
2024-11-01,222.1291961669922,224.56065178607977,219.49844414747824,220.1959891516409,65276700.0,228.9053715297154,228.6203725179036,0.022989554251668855
2024-11-04,221.2323303222656,222.0095968952219,218.94039900502227,220.21591416091667,44944500.0,227.6867959158761,228.47222646077472,0.013937221121798222
2024-11-05,222.66729736328125,223.1655459656629,220.36539125313263,221.02308305755813,28111300.0,226.5536368233817,228.34201761881508,0.01266906005379108
2024-11-06,221.9398498535156,225.27812143912797,220.41521040716108,221.83023455712816,54561100.0,225.03326633998327,228.2207773844401,0.021921768426542136
2024-11-07,226.6831817626953,227.081789771112,223.7833864288354,223.8431738287627,42137700.0,224.1520778111049,228.21944834391277,0.01473533137445522
2024-11-08,226.4138336181641,228.10973956989392,225.8651541338214,226.6233197345054,38328800.0,223.7406245640346,228.200173441569,0.009904476903357128
2024-11-11,223.69039916992188,225.15686291743447,220.96697301971395,224.4585504714927,42005600.0,223.53658403669084,227.91705881754558,0.018666653103298264
2024-11-12,223.69039916992188,225.04712701721013,222.82249764582767,224.0096364149637,40398300.0,223.75961303710938,227.85948435465494,0.009930953895489912
2024-11-13,224.5782623291016,226.10457929193407,222.2239408664857,223.4709328440985,48566200.0,224.23760332380022,227.81257222493488,0.017365293893303147
2024-11-14,227.6708068847656,228.3192366196321,224.4585543557752,224.478510489453,44923900.0,224.95239039829798,227.905615234375,0.017198449220992618
2024-11-15,224.4585418701172,226.3739196007606,223.73030286311797,225.8551667084814,47923700.0,225.31220354352678,227.854047648112,0.011704920353027917
2024-11-18,227.4712829589844,229.18714506333228,224.62813528483125,224.7079445945764,44633700.0,225.42478942871094,228.07264099121093,0.02028860077344623
2024-11-19,227.73065185546875,229.6061325797712,226.11455519341968,226.43377721041003,36211800.0,225.61290631975447,228.16435699462892,0.015419861070934852
2024-11-20,228.44891357421875,229.37666823104936,225.34639715216647,227.51117324017343,35169600.0,226.29269409179688,228.1547882080078,0.017714607249764883
2024-11-21,227.97007751464844,229.60613029336437,225.16684213362325,228.3292117939797,42108300.0,226.9040767124721,228.14586741129557,0.019442488873244443
2024-11-22,229.3168182373047,230.16477882059493,227.51117639639196,227.51117639639196,38168300.0,227.58101327078683,228.23132985432943,0.011663613481474027
2024-11-25,232.30960083007807,232.6886912431441,229.1871434272115,230.9030055193102,90152800.0,228.2436981201172,228.2919896443685,0.015164583103010979
2024-11-26,234.49432373046875,235.0031061533749,232.76849125195545,232.76849125195545,45986200.0,229.67738124302454,228.340771484375,0.009600160611947349
2024-11-27,234.3646545410156,235.12283541072824,233.24735459247512,233.90577001446653,33498400.0,230.66214861188615,228.45398915608723,0.008018104120035728
2024-11-29,236.7588806152344,237.2377212602243,233.4069656561656,234.24494059041533,28481400.0,231.95189557756697,228.63472442626954,0.016353632203979618
2024-12-02,239.013427734375,240.21053691361496,236.58928278806928,236.69901868412032,48137100.0,233.46111188616072,228.7959437052409,0.015298982419434165
2024-12-03,242.06607055664065,242.1758064568113,238.32509471728144,239.232908507596,38861000.0,235.4748251778739,229.00975748697917,0.016096078769228316
2024-12-04,242.4252014160156,243.5225604021956,240.66944226019712,242.28553892887177,44383900.0,237.34745134626115,229.25613657633463,0.01177584991086112
2024-12-05,242.4551239013672,243.95151419061432,241.54732536132988,243.40284992887905,40033900.0,238.79681178501673,229.67291768391928,0.009877406242313624
2024-12-06,242.25559997558597,244.0413008508573,241.49743440151173,242.325438826628,36870600.0,239.9055655343192,230.0893590291341,0.010497727608225227
2024-12-09,246.1562042236328,246.6450305346601,241.1682365595268,241.2480458688008,44649200.0,241.59007263183594,230.60791880289713,0.022701920570630297
2024-12-10,247.1737518310547,247.612695417372,244.7495916510093,246.2958646584201,36914800.0,243.07791137695312,231.09429575602215,0.011624652205726069
2024-12-11,245.89682006835935,250.196445491468,245.6673626102133,247.36328368802745,45205800.0,244.0612531389509,231.52913970947264,0.018309438707834875
2024-12-12,247.36329650878903,248.1414182384854,245.08876927344312,246.2958641332418,32777500.0,244.81799970354353,232.1314493815104,0.0123942355905369
2024-12-13,247.5328826904297,248.69007959411312,245.647431564018,247.223631137632,33155300.0,245.54766845703125,232.8785893758138,0.012307270207520066
2024-12-16,250.4358673095703,250.7750606707362,247.054025929588,247.3932192907539,51694800.0,246.68777465820312,233.8221450805664,0.015040973038048307
2024-12-17,252.8699951171875,253.21915892963327,249.1789022262073,249.4781833194368,51356400.0,248.20411682128906,234.8767339070638,0.016194829742898775
2024-12-18,247.4530792236328,253.66808268004456,247.14382766353577,251.55318925842403,56774100.0,248.38938467843192,235.7029266357422,0.025935886703492887
2024-12-19,249.1888885498047,251.3935770141874,246.49538898335237,246.9044059960769,60882300.0,248.67726135253906,236.6112279256185,0.01983839863478523
2024-12-20,253.87759399414065,254.3863612366688,245.09876750312787,247.4431032675572,147495300.0,249.81737191336495,237.51770833333333,0.03753425983951694
2024-12-23,254.6557159423828,255.03479114956255,252.8400883307868,254.15691915529425,40858800.0,250.85914611816406,238.4591044108073,0.008635227504606071
2024-12-24,257.57867431640625,257.58862955018265,254.67565812568796,254.87518901917565,23234700.0,252.29425920758928,239.58871358235677,0.01142901133572294
2024-12-26,258.39666748046875,259.47408555117545,257.0100282923795,257.56867823862046,27237100.0,253.43151637486048,240.74558919270834,0.00956660287907041
2024-12-27,254.9749298095703,258.0774615569102,252.4510193654514,257.2095296020788,42355300.0,253.73222133091517,241.7588114420573,0.02187493674967362
2024-12-30,251.5930938720703,252.8899685500744,250.14658624824915,251.62302046123372,35557500.0,254.32365199497767,242.55622100830078,0.010902747677046937
2024-12-31,249.8173828125,252.670501064015,248.82975968702823,251.8325261089863,39480700.0,254.41343688964844,243.4015157063802,0.01525117281841749
2025-01-02,243.26319885253903,248.5005651105234,241.23808511721737,248.3309608077005,55740700.0,252.89709472656247,243.92791290283202,0.0292451652813838
2025-01-03,242.7743682861328,243.5923870862029,241.3079045417172,242.7743682861328,40244100.0,251.1997593470982,244.4293701171875,0.009409900067346611
2025-01-06,244.4104156494141,246.73481040856495,242.61474424512696,243.7220736759316,45045600.0,249.3185795375279,244.96142018636067,0.016904772314206958
2025-01-07,241.62713623046875,244.9590949760797,240.76920518354387,242.3952722906863,40856000.0,246.92293221609933,245.41665547688802,0.01728536102598247
2025-01-08,242.11593627929688,243.12351544341067,239.4723196272597,241.33781457710973,37628900.0,245.085933140346,245.84329274495443,0.015128983506164833
2025-01-10,236.280029296875,239.58206138453852,232.4392881886217,239.4324132245663,61710900.0,242.89835248674666,245.97564036051432,0.029832106270497018
2025-01-13,233.8359222412109,234.10527676213235,229.16719172961072,232.96802072299363,49630700.0,240.61528669084822,245.95369364420574,0.02119640720300048
2025-01-14,232.71861267089844,235.55177458449063,231.9105643637605,234.1850763475817,39435300.0,239.10891723632812,245.8988255818685,0.015548429803980251
2025-01-15,237.2975616455078,238.38495013235743,233.8658375602648,234.07533889356796,39832000.0,238.3265162876674,245.91678161621093,0.01930623103422031
2025-01-16,227.710693359375,237.4372302632713,227.4812511099753,236.7788301031648,71759100.0,235.9408416748047,245.54002380371094,0.04204758993427819
2025-01-17,229.4265594482422,231.73099810398452,227.93016912923343,231.5614090278119,68488300.0,234.1979021344866,245.11870676676432,0.016413913659916374
2025-01-21,222.10421752929688,223.87993275191027,218.85206818023312,223.4609453061096,98070400.0,231.3390851702009,244.44134063720702,0.022499970027378607
2025-01-22,223.29135131835935,223.58064673096771,219.2610651192188,219.2610651192188,64126500.0,229.48355974469865,243.80254821777345,0.01970063225497977
2025-01-23,223.1217803955078,226.4836658384098,221.7650525382596,224.19918327232872,60234800.0,227.95296805245536,243.16475423177084,0.021046523146422986
2025-01-24,222.24388122558597,225.08702882156652,220.877182986192,224.2390682481495,54697900.0,226.45657784598214,242.3676767985026,0.018773917802386623
2025-01-27,229.3068389892578,231.59132137138343,223.44098442848647,223.48089669223063,94863400.0,225.31504603794642,241.77211303710936,0.03646994917029212
2025-01-28,237.68663024902344,239.61199368769647,230.25456145519,230.2944737209622,75707600.0,226.74017987932478,241.49844004313152,0.04063246538796444
2025-01-29,238.78399658203125,239.2827933650634,233.4468649147594,233.5566008159093,45486100.0,228.07695661272322,241.21246337890625,0.024987212649596333
2025-01-30,237.0182342529297,240.21053038482776,236.63915907674937,238.0956370515832,55658300.0,230.20753043038505,240.86197509765626,0.014999734360124639
2025-01-31,235.4320831298828,246.59515764263173,232.87824601959832,246.59515764263173,100959800.0,231.9419206891741,240.36184895833333,0.055625227008358785
2025-02-03,227.4613037109375,231.27211844312276,225.15686500690927,229.43654993330725,73063300.0,232.56185259137834,239.514892578125,0.026653353347542395
2025-02-04,232.23977661132807,232.5689843025687,226.10456727432145,226.70312948058964,45067300.0,233.98983764648438,239.00778249104818,0.02851489982982674
2025-02-05,231.9105682373047,232.11008389811693,227.72067847197076,227.9800473088197,39620300.0,234.36179896763392,238.4318384806315,0.01925346309012876
2025-02-06,232.6587677001953,233.23737378273856,229.875473186273,230.7334042435517,29925300.0,233.6435328892299,237.72454427083332,0.014570497962734847
2025-02-07,227.08221435546875,233.43688010961284,226.71309440770744,232.04025529180169,39707200.0,231.9718497140067,236.80542755126953,0.028976807034839354
2025-02-10,227.3518524169922,230.2880044885276,226.90244480659103,229.26935130196645,33115600.0,230.5909380231585,235.79786682128906,0.014766734684382265
2025-02-11,232.3153533935547,234.92193591818145,227.83124330015124,227.9011437031964,53718400.0,230.14569091796875,234.9284896850586,0.0311130190169851
2025-02-12,236.55978393554688,236.64967765066984,230.377888084301,230.89721134547665,45243300.0,231.44547380719865,234.3146514892578,0.027162690834688242
2025-02-13,241.21368408203125,242.02262084431052,235.2614980047627,236.5997394445533,53614100.0,232.72746058872767,233.9686711629232,0.028576205770219285
2025-02-14,244.2796630859375,245.22841586050225,240.6743903515472,240.9340443537928,40896200.0,234.49447413853235,233.7840805053711,0.01890154428432629
2025-02-18,244.14984130859372,244.85890295305825,241.52328070167576,243.83025306858283,48822500.0,236.13605608258928,233.81363525390626,0.013680100026161515
2025-02-19,244.5493011474609,245.6878075369989,242.84154918255663,244.33958470767533,32204200.0,238.63135419573103,233.8727996826172,0.01164878117414942
2025-02-20,245.508056640625,246.4568094488268,243.9700649298591,244.61922281669612,32316900.0,241.22509765625,233.90938771565754,0.010165777203989907
2025-02-21,245.2284240722656,248.364311233094,244.8988544206072,245.6278941258364,53197400.0,243.06982203892298,234.02943064371746,0.014108563788408534
2025-02-24,246.77639770507807,248.53408727873096,244.09989957647332,244.609226181644,51326400.0,244.52933829171317,234.18477935791014,0.0181276388118119
2025-02-25,246.71646118164065,249.67259136851837,244.58926106556868,247.67521063757025,48013300.0,245.31544930594308,234.53266042073568,0.02052417878181706
2025-02-26,240.0452117919922,244.65915630674968,238.8168269352331,244.0100136784052,44433600.0,244.71052769252233,234.73963673909506,0.023942990221772258
2025-02-27,236.98922729492188,242.14247324939225,236.749536120712,239.09646458024957,41153600.0,243.68758283342635,234.88199055989583,0.02255548670762623
2025-02-28,241.5232696533203,241.77294223985544,229.8985146337964,236.6396744702452,56833400.0,243.25529261997767,235.0228474934896,0.050179360805164226
2025-03-03,237.71826171875,243.71040379171197,235.80077808405883,241.47333193183624,47184000.0,242.14246477399553,235.35643310546874,0.03275569042914389
2025-03-04,235.6210174560547,239.75561031847352,234.3726544629493,237.39870037793835,53798100.0,240.76997811453683,235.5629150390625,0.02267474862732845
2025-03-05,235.4312744140625,236.2402111793479,228.9297903220316,235.11168617953675,47227600.0,239.1492462158203,236.00715026855468,0.031093396402822337
2025-03-06,235.0218048095703,237.54849020730907,232.8546485518437,234.13297099659667,45170400.0,237.47858101981026,236.39816538492838,0.02004776019150932
2025-03-07,238.7569122314453,241.05388787370777,234.45254396930395,234.80209169163373,46273600.0,237.29453822544642,236.9193364461263,0.028114502118973383
2025-03-10,227.1820831298828,235.8507235430885,223.92635798057333,235.23152514577004,72071200.0,235.89351763044084,237.08394317626954,0.05069203864203908
2025-03-11,220.55078125,225.54423318142804,217.16522145004404,223.51689291637277,76137400.0,232.89744785853796,236.79207458496094,0.03748715196447789
2025-03-12,216.69583129882807,221.4595886104368,214.6285501658544,219.85169651198805,62547500.0,229.89424351283478,236.0923812866211,0.031071120000249513
2025-03-13,209.4053955078125,216.55602242060417,208.1470510912824,215.6671885752157,61368300.0,226.1491546630859,235.11309458414715,0.03899049913375702
2025-03-14,213.21041870117188,213.66980775083545,209.30553558500117,210.97334672214788,60107600.0,222.97474670410153,234.3195007324219,0.020686367418639048
2025-03-17,213.71974182128903,214.9381453068513,209.69502079955336,213.0306430192638,48073400.0,219.93159484863278,233.59575602213542,0.024612067226515516
2025-03-18,212.4114532470703,214.8682229774316,211.2130278733229,213.87952928252255,42432400.0,216.16795785086492,233.0940943400065,0.017089971706831332
2025-03-19,214.95811462402344,218.47349365471305,213.470060528986,213.9394462086688,54385400.0,214.42167663574216,232.51803894042968,0.02338714629020248
2025-03-20,213.81961059570312,217.20517028159983,211.94206785632255,213.70975404736052,48862900.0,213.46008082798545,231.91500701904297,0.024627338367115045
2025-03-21,217.9841461181641,218.5533916912833,211.0032951126973,211.2829271905112,94127800.0,213.64412580217635,231.42585296630858,0.0357345322643045
2025-03-24,220.44091796875,221.1899357355996,218.29373979930332,220.71056863168135,44299500.0,215.2206290108817,231.20447642008463,0.01312214432798366
2025-03-25,223.45697021484372,223.8065179397524,219.79177838679217,220.48087718007704,34493600.0,216.6844220842634,231.07464701334635,0.01820901478762356
2025-03-26,221.2398681640625,224.7253029108424,220.1812588497044,223.21727075576555,34466100.0,217.75872584751673,230.7054641723633,0.020357045159421834
2025-03-27,223.5568389892578,224.69534536875565,220.271139232742,221.1000540446544,37094800.0,219.3509238106864,230.27203267415365,0.020009973109821666
2025-03-28,217.6146240234375,223.51688772665744,217.3949109244516,221.3796909591809,39818600.0,219.73042515345983,229.4853973388672,0.027653741748761576
2025-03-31,221.83909606933597,225.324515696878,215.9468137615173,216.7257910285717,65299300.0,220.87606593540735,228.7373784383138,0.043269893679264086
2025-04-01,222.897705078125,223.3870536043053,218.61331487709137,219.5221267668628,36412700.0,221.5780029296875,228.0289738972982,0.02174604809784727
2025-04-02,223.59678649902344,224.89508702876748,220.73055001137132,221.03016017035927,35905900.0,222.02884129115515,227.33055674235027,0.01884148757882786
2025-04-03,202.9239044189453,207.2182761783418,200.9864426085102,205.27081771109025,103419000.0,219.09554617745536,225.9110850016276,0.03035908191588455
2025-04-04,188.13330078125,199.61824028069563,187.09465424061224,193.6360793511012,125910900.0,214.36603655133928,224.0079142252604,0.06467589140438856
2025-04-07,181.2223663330078,193.89573468350997,174.39131242893686,176.967935484531,160466300.0,208.31825474330358,221.8227798461914,0.11021444196187744
2025-04-08,172.19419860839844,190.0907289212104,168.9884109270566,186.4554964395268,120859500.0,201.82962254115515,219.33870442708334,0.11317616480669379
2025-04-09,198.58958435058597,200.3472738997123,171.6648855169899,171.724804500432,184395900.0,198.50826372419084,217.95685017903645,0.16702530811528885
2025-04-10,190.17062377929688,194.52491452460524,182.76034285398336,188.82240088513316,121880000.0,193.83296639578683,216.39623006184897,0.062304957544622314
2025-04-11,197.89048767089844,199.27866665425725,185.81632494094944,185.856281088865,87435900.0,190.16063799176897,214.94180399576823,0.0724341498411396
2025-04-14,202.25477600097656,212.6611277249045,200.8965565016436,211.1630921847052,101352900.0,190.06504821777344,213.7596878051758,0.055713198275058336
2025-04-15,201.87527465820312,203.24347561495443,199.538342804848,201.59564256833872,51343900.0,192.02818734305245,212.63482971191405,0.018379032219659315
2025-04-16,194.0155792236328,200.4371508814261,192.11805840887249,198.1002191117624,59732400.0,193.8557891845703,211.25430653889973,0.04199436280209377
2025-04-17,196.72203063964844,198.569613974368,194.1653856549684,196.9417437466575,52164700.0,197.3597651890346,209.97764739990234,0.022363102080913487
2025-04-21,192.9070281982422,193.54618940120912,189.56140949031536,193.01688474432112,46742500.0,196.54797145298548,208.4493179321289,0.02064472191731922
2025-04-22,199.4784240722656,201.32599215129423,195.71335703344477,195.8631544964882,52976400.0,197.8776572091239,207.52586263020834,0.028655900760293833
2025-04-23,204.33206176757807,207.7276030292648,202.5344160012944,205.7302222309065,52929200.0,198.79788208007812,206.98523864746093,0.025242703632243645
2025-04-24,208.09710693359372,208.5565112075726,202.6742255544144,204.62166872266096,47311000.0,199.63250078473772,206.69861450195313,0.02874712971445327
2025-04-25,209.00592041015625,209.47530610539675,205.92995222724628,206.0997277622984,38222300.0,200.65116446358817,206.68529866536457,0.017202127904989047
2025-04-28,209.8647918701172,211.2230113707532,207.1883090170199,209.72497582911663,38743100.0,202.91533769880022,206.5737777709961,0.019238063267299044
2025-04-29,210.9333953857422,211.96204522644123,208.09710321217068,208.41669143858087,36827600.0,204.9455326625279,206.48089955647785,0.018544301742787855
2025-04-30,212.22171020507807,213.30029766677717,206.399343338795,209.02590396975117,52286500.0,207.70477294921875,206.47457478841145,0.03301482829123812
2025-05-01,213.04063415527344,214.2790004444518,208.62640936955896,208.80618155790117,57365700.0,209.64223153250558,206.41065877278646,0.027070994894494594
2025-05-02,205.08106994628903,206.71892151455648,201.89524528415055,205.82009105417703,101010600.0,209.74923270089286,206.11937408447267,0.023436372055321966
2025-05-05,198.6295318603516,203.832715518356,197.9504297070337,202.8340251243196,69018500.0,208.39672197614397,205.4742202758789,0.029000488491597875
2025-05-06,198.25001525878903,200.3872119914049,196.7619763948813,197.9504203457911,51216500.0,206.86016409737724,204.7345235188802,0.01831385652119786
2025-05-07,195.99298095703125,199.1788056079939,192.99690991055436,198.90915494694545,68536700.0,204.87847682407923,203.81905721028645,0.031078990301318263
2025-05-08,197.2313690185547,199.78801395815432,194.42503624466005,197.46106353953903,50478900.0,202.9210444859096,203.0187739054362,0.027159671974624038
2025-05-09,198.2700042724609,200.2773664943336,197.281295288598,198.739389980464,36453900.0,200.92794363839286,202.1758794148763,0.015075376884421935
2025-05-12,210.7899932861328,211.2700042724609,206.75,210.97000122070312,63775800.0,200.6064235142299,201.94839172363282,0.02142486726220556
2025-05-13,212.92999267578125,213.3999938964844,209.0,210.42999267578125,51909300.0,201.72769818987166,201.65142161051432,0.020909537849310614
2025-05-14,212.3300018310547,213.94000244140625,210.5800018310547,212.42999267578125,49325800.0,203.6849081856864,201.29916483561198,0.015816978422061725
2025-05-15,211.4499969482422,212.9600067138672,209.5399932861328,210.9499969482422,45029500.0,205.57061985560827,200.89427185058594,0.01621243648831858
2025-05-16,211.25999450683597,212.57000732421875,209.7700042724609,212.3600006103516,54737900.0,207.75162179129464,201.1721415201823,0.013185171612875544
2025-05-19,208.77999877929688,209.47999572753903,204.25999450683597,207.91000366210935,46140500.0,209.40142604282923,201.86036478678386,0.025107022888549876
2025-05-20,206.8600006103516,208.47000122070312,205.02999877929688,207.6699981689453,42496600.0,210.6285683768136,202.71495259602864,0.01656475404120586
2025-05-21,202.08999633789065,207.0399932861328,200.7100067138672,205.1699981689453,59211800.0,209.38571166992188,203.71147918701172,0.030852398638972822
2025-05-22,201.3600006103516,202.75,199.6999969482422,200.7100067138672,46742400.0,207.73285566057478,203.80382639567057,0.015196068704765212
2025-05-23,195.2700042724609,197.6999969482422,193.4600067138672,193.6699981689453,78432900.0,205.29571315220423,203.97380574544272,0.021892860404099886
2025-05-27,200.2100067138672,200.7400054931641,197.42999267578125,198.3000030517578,56288500.0,203.69000026157923,204.051123046875,0.01669194536784199
2025-05-28,200.4199981689453,202.72999572753903,199.8999938964844,200.58999633789065,45339700.0,202.1414293561663,203.9899637858073,0.014108389664096397
2025-05-29,199.9499969482422,203.80999755859372,198.50999450683597,203.5800018310547,51396800.0,200.8800005231585,203.92578786214193,0.026034006307535447
2025-05-30,200.8500061035156,201.9600067138672,196.77999877929688,199.3699951171875,70819900.0,200.02142987932478,204.15360209147136,0.025981883239378927
2025-06-02,201.6999969482422,202.1300048828125,200.1199951171875,200.27999877929688,35423300.0,199.96571568080358,204.3195343017578,0.010035998491491786
2025-06-03,203.2700042724609,203.7700042724609,200.9600067138672,201.3500061035156,46381600.0,200.2385733468192,204.66496683756512,0.013955785812835188
2025-06-04,202.82000732421875,206.2400054931641,202.1000061035156,202.91000366210935,43604000.0,201.31714521135603,204.77635294596354,0.02040313101833324
2025-06-05,200.6300048828125,204.75,200.1499938964844,203.5,55126100.0,201.37714494977678,204.6529510498047,0.02260445259712824
2025-06-06,203.9199981689453,205.6999969482422,202.0500030517578,203.0,46607700.0,201.87714494977678,204.5137140909831,0.01798026549992303
2025-06-09,201.4499969482422,206.0,200.0200042724609,204.38999938964844,72862600.0,202.0914306640625,204.26184997558593,0.02925777066097469
2025-06-10,202.6699981689453,204.3500061035156,200.57000732421875,200.6000061035156,54672600.0,202.35142953055245,204.02202351888022,0.018843462932629496
2025-06-11,198.77999877929688,204.5,198.41000366210935,203.5,60989900.0,201.93428693498885,203.61691029866537,0.0299262719306666
2025-06-12,199.1999969482422,199.67999267578125,197.3600006103516,199.0800018310547,43904600.0,201.3528573172433,203.18285319010417,0.011653566626940634
2025-06-13,196.4499969482422,200.3699951171875,195.6999969482422,199.72999572753903,51447300.0,200.44285583496094,202.62983194986978,0.023381556445411806
2025-06-16,198.4199981689453,198.69000244140625,196.55999755859372,197.3000030517578,43020700.0,200.12714059012276,202.40779622395834,0.010795767105253228
2025-06-17,195.63999938964844,198.38999938964844,195.2100067138672,197.1999969482422,38856200.0,198.94428362165178,202.30814514160156,0.016125723757571264
2025-06-18,196.5800018310547,197.57000732421875,195.07000732421875,195.94000244140625,45394700.0,198.24857003348214,202.25247802734376,0.012759007700572006
2025-06-20,201.0,201.6999969482422,196.8600006103516,198.2400054931641,96813500.0,198.00999886648995,202.41937866210938,0.024414831536399922
2025-06-23,201.5,202.3000030517578,198.9600067138672,201.6300048828125,55814300.0,198.39857046944755,202.5616663614909,0.016564976724728214
2025-06-24,200.3000030517578,203.44000244140625,200.1999969482422,202.58999633789065,54064000.0,198.5557141985212,202.62933298746745,0.01599291945175913
2025-06-25,201.55999755859372,203.6699981689453,200.6199951171875,201.4499969482422,39525700.0,199.28571428571428,202.32166646321613,0.015140248686831396
2025-06-26,201.0,202.63999938964844,199.4600067138672,201.42999267578125,50799100.0,199.65428597586495,201.92400004069012,0.015787086290072597
2025-06-27,201.0800018310547,203.22000122070312,200.0,201.88999938964844,73188600.0,200.43142918178015,201.54900004069012,0.015949285405110685
2025-06-30,205.1699981689453,207.38999938964844,199.25999450683597,202.00999450683597,91912800.0,201.65857151576452,201.33966674804688,0.04024555766490729
2025-07-01,207.82000732421875,210.19000244140625,206.13999938964844,206.6699981689453,78788900.0,202.6328582763672,201.2250005086263,0.01959647306159591
2025-07-02,212.44000244140625,213.33999633789065,208.13999938964844,208.91000366210935,67941800.0,204.19571576799666,201.3470006306966,0.02489108638690506
2025-07-03,213.5500030517578,214.6499938964844,211.80999755859372,212.1499938964844,34955800.0,206.0885729108538,201.57000071207682,0.0133867377779724
2025-07-07,209.9499969482422,216.22999572753903,208.8000030517578,212.67999267578125,50229000.0,207.28714425223214,201.83200073242188,0.03493508055131368
2025-07-08,210.00999450683597,211.42999267578125,208.4499969482422,210.1000061035156,42848900.0,208.57428632463728,202.12033386230468,0.014183701289712615
2025-07-09,211.13999938964844,211.3300018310547,207.22000122070312,209.52999877929688,48749400.0,210.0114288330078,202.64933369954426,0.019615332574314227
2025-07-10,212.41000366210935,213.47999572753903,210.02999877929688,210.50999450683597,44443600.0,211.04571533203125,203.05600026448568,0.01638875606036903
2025-07-11,211.16000366210935,212.1300048828125,209.8600006103516,210.57000732421875,39765800.0,211.5228576660156,203.41400044759115,0.010780283010418189
2025-07-14,208.6199951171875,210.91000366210935,207.5399932861328,209.92999267578125,38840100.0,210.97714233398438,203.703000386556,0.01605302002359055
2025-07-15,209.1100006103516,211.88999938964844,208.9199981689453,209.22000122070312,42296300.0,210.34285627092635,203.97833353678385,0.014195589347932917
2025-07-16,210.16000366210935,212.3999938964844,208.63999938964844,210.3000030517578,47490500.0,210.37285723005022,204.2603337605794,0.017879193781611968
2025-07-17,210.0200042724609,211.8000030517578,209.58999633789065,210.57000732421875,48068100.0,210.37428719656805,204.48533376057944,0.010495353739834224
2025-07-18,211.17999267578125,211.7899932861328,209.6999969482422,210.8699951171875,48974600.0,210.38000052315846,204.76399993896484,0.009911302633307997
2025-07-21,212.47999572753903,215.77999877929688,211.6300048828125,212.1000061035156,51377400.0,210.38999938964844,205.15899963378905,0.019566212998876422
2025-07-22,214.3999938964844,214.9499969482422,212.22999572753903,213.13999938964844,46404100.0,210.8528551374163,205.50833282470703,0.012761570932214498
2025-07-23,214.1499938964844,215.1499938964844,212.41000366210935,215.0,46989300.0,211.64285496303015,205.9316660563151,0.012744140625000264
2025-07-24,213.75999450683597,215.69000244140625,213.52999877929688,213.8999938964844,46022600.0,212.30713980538505,206.30133260091145,0.010098194126899768
2025-07-25,213.8800048828125,215.2400054931641,213.3999938964844,214.6999969482422,40268800.0,212.83856855119978,206.8046661376953,0.008570151946128158
2025-07-28,214.0500030517578,214.8500061035156,213.05999755859372,214.02999877929688,37858000.0,213.4142826625279,207.29966634114584,0.00836335352581903
2025-07-29,211.2700042724609,214.80999755859372,210.82000732421875,214.17999267578125,49943600.0,213.42714146205358,207.79366658528645,0.01862914544223974
